-- MySQL dump 10.13  Distrib 8.0.23, for Win64 (x86_64)
--
-- Host: localhost    Database: internet_shop
-- ------------------------------------------------------
-- Server version	8.0.23

/*!40101 SET @OLD_CHARACTER_SET_CLIENT=@@CHARACTER_SET_CLIENT */;
/*!40101 SET @OLD_CHARACTER_SET_RESULTS=@@CHARACTER_SET_RESULTS */;
/*!40101 SET @OLD_COLLATION_CONNECTION=@@COLLATION_CONNECTION */;
/*!50503 SET NAMES utf8mb4 */;
/*!40103 SET @OLD_TIME_ZONE=@@TIME_ZONE */;
/*!40103 SET TIME_ZONE='+00:00' */;
/*!40014 SET @OLD_UNIQUE_CHECKS=@@UNIQUE_CHECKS, UNIQUE_CHECKS=0 */;
/*!40014 SET @OLD_FOREIGN_KEY_CHECKS=@@FOREIGN_KEY_CHECKS, FOREIGN_KEY_CHECKS=0 */;
/*!40101 SET @OLD_SQL_MODE=@@SQL_MODE, SQL_MODE='NO_AUTO_VALUE_ON_ZERO' */;
/*!40111 SET @OLD_SQL_NOTES=@@SQL_NOTES, SQL_NOTES=0 */;

--
-- Table structure for table `accounts`
--

DROP TABLE IF EXISTS `accounts`;
/*!40101 SET @saved_cs_client     = @@character_set_client */;
/*!50503 SET character_set_client = utf8mb4 */;
CREATE TABLE `accounts` (
  `user_id` bigint unsigned NOT NULL COMMENT '╨╕╨╜╨┤╨╡╨║╤Б ╨┐╨╛╨╗╤М╨╖╨╛╨▓╨░╤В╨╡╨╗╤П',
  `email` varchar(100) CHARACTER SET utf8mb4 COLLATE utf8mb4_unicode_ci NOT NULL COMMENT '╨░╨┤╤А╨╡╤Б╤Б ╤Н╨╗╨╡╨║╤В╤А╨╛╨╜╨╜╨╛╨╣ ╨┐╨╛╤З╤В╤Л ╨┤╨╗╤П ╤Б╨▓╤П╨╖╨╕',
  `phone` varchar(100) CHARACTER SET utf8mb4 COLLATE utf8mb4_unicode_ci NOT NULL COMMENT '╤В╨╡╨╗╨╡╤Д╨╛╨╜ ╨┤╨╗╤П ╤Б╨▓╤П╨╖╨╕',
  `index_mail` varchar(100) CHARACTER SET utf8mb4 COLLATE utf8mb4_unicode_ci NOT NULL COMMENT '╨┐╨╛╤З╤В╨╛╨▓╤Л╨╣ ╨╕╨╜╨┤╨╡╨║╤Б',
  `country` varchar(100) CHARACTER SET utf8mb4 COLLATE utf8mb4_unicode_ci NOT NULL COMMENT '╤Б╤В╤А╨░╨╜╨░ ╨┐╤А╨╛╨╢╨╕╨▓╨░╨╜╨╕╤П',
  `city` varchar(100) CHARACTER SET utf8mb4 COLLATE utf8mb4_unicode_ci NOT NULL COMMENT '╨│╨╛╤А╨╛╨┤ ╨┐╤А╨╛╨╢╨╕╨▓╨░╨╜╨╕╤П',
  `street` varchar(100) CHARACTER SET utf8mb4 COLLATE utf8mb4_unicode_ci NOT NULL COMMENT '╤Г╨╗╨╕╤Ж╨░, ╨┤╨╛╨╝ ╨╕ ╨║╨▓╨░╤А╤В╨╕╤А╨░',
  `created_at` datetime DEFAULT CURRENT_TIMESTAMP COMMENT '╨Т╤А╨╡╨╝╤П ╤Б╨╛╨╖╨┤╨░╨╜╨╕╤П ╤Б╤В╤А╨╛╨║╨╕',
  `updated_at` datetime DEFAULT CURRENT_TIMESTAMP ON UPDATE CURRENT_TIMESTAMP COMMENT '╨Т╤А╨╡╨╝╤П ╨╛╨▒╨╜╨╛╨▓╨╗╨╡╨╜╨╕╤П ╤Б╤В╤А╨╛╨║╨╕',
  KEY `accounts_user_id_fk` (`user_id`),
  CONSTRAINT `accounts_user_id_fk` FOREIGN KEY (`user_id`) REFERENCES `users` (`id`) ON DELETE CASCADE
) ENGINE=InnoDB DEFAULT CHARSET=utf8mb4 COLLATE=utf8mb4_unicode_ci COMMENT='╨а╨╡╨│╨╕╤Б╤В╨░╤Ж╨╕╤П ╨┐╨╛╨║╤Г╨┐╨░╤В╨╡╨╗╤П';
/*!40101 SET character_set_client = @saved_cs_client */;

--
-- Dumping data for table `accounts`
--

LOCK TABLES `accounts` WRITE;
/*!40000 ALTER TABLE `accounts` DISABLE KEYS */;
INSERT INTO `accounts` VALUES (1,'halvorson.ernestine@example.net','(568)656-4678','462932','Faroe Islands','East Tabithahaven','71390 Mante Road Suite 906','2011-06-29 10:54:06','2021-05-16 21:14:51'),(2,'edd41@example.org','1-047-963-0293','436050','South Africa','Shanastad','85271 McGlynn Passage Apt. 560','2011-10-02 06:59:34','2021-05-16 21:14:51'),(3,'goodwin.julien@example.com','1-121-900-1912x5713','191454','Ethiopia','Hilllbury','35546 Schinner Cape','2019-03-01 12:54:45','2021-05-16 21:14:51'),(4,'maryse15@example.org','1-315-680-4249x8007','549121','Austria','Lake Lynn','258 Halvorson Village','2017-12-27 21:19:48','2021-05-16 21:14:51'),(5,'muller.isai@example.org','099-103-4937x1992','571242','Benin','Napoleonchester','405 Raoul Passage','2015-08-19 15:27:44','2021-05-16 21:14:51'),(6,'fkoch@example.org','+36(1)9674082394','108851','Morocco','Everetteport','1348 Rowe Rue Apt. 991','2018-06-20 22:44:48','2021-05-16 21:14:51'),(7,'rolfson.yasmine@example.net','560-745-1917','230528','Korea','New Manuelashire','59988 Kovacek Walks','2018-04-14 14:31:55','2021-05-16 21:14:51'),(8,'quigley.bud@example.com','583-287-8999x673','226087','Montserrat','North Palma','8109 Swaniawski Extensions Apt. 266','2013-08-23 15:12:32','2021-05-16 21:14:51'),(9,'howell.hortense@example.net','1-005-538-7161','338852','Belgium','East Ronville','84843 Alexanne Via Apt. 732','2019-10-23 16:28:28','2021-05-16 21:14:51'),(10,'clint.morissette@example.org','1-824-645-3593x361','415998','India','New Beryltown','876 Rick Burgs Suite 453','2014-12-13 07:08:48','2021-05-16 21:14:51'),(11,'ihalvorson@example.net','674.831.9329x68282','463435','Congo','Port Tyresehaven','918 Smitham Village Apt. 687','2018-11-04 19:09:59','2021-05-16 21:14:51'),(12,'ohills@example.net','1-654-353-9654','469182','Estonia','Candidoville','4950 Leffler Shore Suite 008','2020-08-02 10:49:20','2021-05-16 21:14:51'),(13,'wlueilwitz@example.net','105.647.6916','355606','Ethiopia','South Sienna','67513 Onie Ranch','2016-12-10 09:51:29','2021-05-16 21:14:51'),(14,'gutkowski.elna@example.net','(357)461-3072','270485','Korea','Port Tiffany','791 Kulas Dam Apt. 205','2012-12-17 14:22:00','2021-05-16 21:14:51'),(15,'satterfield.tiara@example.org','668-989-5939','185606','Kuwait','West Kavon','967 Camila Turnpike','2016-09-17 16:03:55','2021-05-16 21:14:51'),(16,'douglas.juanita@example.net','(140)952-8647','516575','Iraq','Kristianchester','3390 Abshire Centers','2013-10-26 13:06:40','2021-05-16 21:14:51'),(17,'christina55@example.net','(369)016-9804','426058','Ecuador','South Freida','98698 Simonis Lights','2013-01-30 02:06:50','2021-05-16 21:14:51'),(18,'ressie41@example.org','06282143832','480566','American Samoa','Arnoberg','2633 Carter Loop Apt. 505','2014-12-16 23:17:13','2021-05-16 21:14:51'),(19,'jmcclure@example.net','680-214-9404x0032','524655','Indonesia','Lake Sylvan','808 Ryan Camp Apt. 130','2019-02-04 21:05:26','2021-05-16 21:14:51'),(20,'rharvey@example.net','1-550-159-8057','581580','Ecuador','Borerfurt','86816 Amina Ways Apt. 669','2019-10-10 14:21:45','2021-05-16 21:14:51'),(21,'roman53@example.net','1-419-651-8402x74979','233935','Lao People\'s Democratic Republic','Leuschkeburgh','622 Vince Field','2014-10-15 06:00:15','2021-05-16 21:14:51'),(22,'belle88@example.net','(101)879-0316x61388','324936','French Southern Territories','Wandachester','3075 Fanny Square','2012-06-25 11:47:03','2021-05-16 21:14:51'),(23,'rath.graciela@example.net','890-271-4675x4332','322873','Bangladesh','New Jenaside','4113 Dina Islands','2014-11-25 13:24:34','2021-05-16 21:14:51'),(24,'carroll.stephania@example.net','485-087-8793x387','539560','Gabon','Hubertton','316 Fae Fort','2012-06-12 16:16:28','2021-05-16 21:14:51'),(25,'wbarton@example.net','991-042-0199x48552','129181','New Caledonia','Hayleyshire','37564 Francesca Spur Apt. 527','2018-12-05 20:11:48','2021-05-16 21:14:51'),(26,'dolores.armstrong@example.com','574.656.4298x9865','427226','Pakistan','South Tillman','7582 Leonor Vista Apt. 228','2016-09-10 15:01:08','2021-05-16 21:14:51'),(27,'ajohnston@example.net','(311)377-5791x8333','148587','Egypt','Isabellastad','81108 Wisoky Highway','2021-02-11 10:07:42','2021-05-16 21:14:51'),(28,'bethany.baumbach@example.org','541.072.2442x6215','361256','Qatar','Madelynnfurt','689 Deangelo Manor','2015-10-25 05:51:09','2021-05-16 21:14:51'),(29,'reilly.curtis@example.net','07820408212','260519','Russian Federation','Lylaport','997 Erich Estates Apt. 225','2015-08-26 21:21:42','2021-05-16 21:14:51'),(30,'htorphy@example.com','+55(1)9046540932','118830','Gambia','West Rebekaport','954 Earnestine Avenue Apt. 732','2012-06-25 14:27:08','2021-05-16 21:14:51'),(31,'hettinger.shane@example.com','02600514886','212591','Antigua and Barbuda','Dangelobury','216 Mohr Cliff Apt. 815','2013-05-20 13:56:46','2021-05-16 21:14:51'),(32,'enrique73@example.net','368-487-9983x024','106467','Kazakhstan','Goodwinmouth','23014 Randall Drive','2021-02-13 09:07:16','2021-05-16 21:14:51'),(33,'mschumm@example.net','158-697-5317','294563','Ethiopia','East Catalinafort','003 Suzanne Squares Suite 987','2015-07-14 17:06:08','2021-05-16 21:14:51'),(34,'tvon@example.org','347.581.5986x220','553412','Philippines','Hoytshire','8840 Lucy Crest Suite 087','2018-04-26 09:10:40','2021-05-16 21:14:51'),(35,'ewyman@example.net','965.919.7527x5640','283374','Sudan','Dawnberg','0593 Weimann Viaduct','2013-02-12 07:29:10','2021-05-16 21:14:51'),(36,'streich.damaris@example.com','(993)884-5439x14357','156635','United States Virgin Islands','Coletown','6342 Okey Gateway Suite 840','2019-06-16 09:10:38','2021-05-16 21:14:51'),(37,'jaren77@example.com','103.711.5781x9815','333051','Fiji','East Maye','3336 Payton Point','2016-08-18 10:45:15','2021-05-16 21:14:51'),(38,'cormier.lea@example.net','(811)921-6896x776','595352','American Samoa','East Leland','8560 Champlin River','2014-11-16 12:24:56','2021-05-16 21:14:51'),(39,'tremblay.haven@example.org','1-014-099-5700x938','377609','Korea','Ebbaview','44247 Okuneva Rapids','2016-06-12 08:35:33','2021-05-16 21:14:51'),(40,'jackeline.kunze@example.org','00686019673','501987','Puerto Rico','Doylehaven','4408 Casper Corners','2020-04-12 18:14:49','2021-05-16 21:14:51'),(41,'kelley.murphy@example.net','1-183-125-3017','277110','Ethiopia','Moisesland','39917 Bailey Point','2016-11-24 12:05:09','2021-05-16 21:14:51'),(42,'hmclaughlin@example.org','(699)405-2061x7088','279589','New Zealand','Port Kelli','38839 Dietrich Street Suite 729','2016-05-25 12:56:15','2021-05-16 21:14:51'),(43,'brakus.shyann@example.org','439.228.1690x477','466615','Tuvalu','VonRuedenfort','58399 Abernathy Ford','2013-02-02 17:47:54','2021-05-16 21:14:51'),(44,'myles.corwin@example.com','(995)450-1506x42708','394308','Slovakia (Slovak Republic)','Lake Ara','631 Hoppe Estate Suite 784','2018-02-12 05:24:56','2021-05-16 21:14:51'),(45,'rey.abernathy@example.com','03501973260','471698','Tajikistan','New Chaimhaven','7943 Schroeder Islands Apt. 753','2016-10-23 03:57:37','2021-05-16 21:14:51'),(46,'ashleigh79@example.net','639.370.8991x61332','575564','Burkina Faso','Manteville','5304 Daniella Well','2016-09-30 00:12:14','2021-05-16 21:14:51'),(47,'catherine76@example.org','305-801-9011','362728','Tunisia','Lake Sabrynaview','3709 Ryan Oval Suite 940','2017-07-22 15:12:36','2021-05-16 21:14:51'),(48,'grant.dillon@example.org','(828)294-1729','486948','Ghana','Ziemeport','70193 Marquardt Ridge Apt. 243','2017-05-22 05:34:51','2021-05-16 21:14:51'),(49,'morissette.kamron@example.net','1-289-485-7407x202','246559','Panama','East Rogeliofurt','34041 Vivian Vista','2018-06-06 10:43:48','2021-05-16 21:14:51'),(50,'jean.kling@example.org','241.549.5873x6056','171948','Turks and Caicos Islands','Dandreland','7705 Goyette Plain Apt. 801','2016-08-03 16:26:41','2021-05-16 21:14:51'),(51,'sadams@example.com','(985)044-8710x612','520066','Madagascar','Hamillfurt','49995 Pouros Cape','2015-09-10 13:00:03','2021-05-16 21:14:51'),(52,'courtney.kemmer@example.org','02972648524','484487','Uzbekistan','Lake Leopold','226 Hilda Court','2014-01-29 17:40:17','2021-05-16 21:14:51'),(53,'rogahn.albina@example.net','282.103.2304x148','262238','Kazakhstan','North Lamar','47429 Roberto Locks','2013-12-26 03:01:33','2021-05-16 21:14:51'),(54,'npfannerstill@example.org','+96(7)6410625330','257728','Azerbaijan','Binsstad','36606 Keebler Garden','2011-07-26 11:05:45','2021-05-16 21:14:51'),(55,'alexie05@example.net','(680)211-7151','401928','Korea','Hellershire','611 Shaylee Highway','2014-12-10 12:36:53','2021-05-16 21:14:51'),(56,'emilia65@example.org','1-627-056-8780','136457','Greece','Lake Leta','095 Hettinger Port Apt. 340','2015-06-15 05:24:12','2021-05-16 21:14:51'),(57,'phoebe.schamberger@example.com','(908)140-9698','376499','El Salvador','Port Kade','003 Gillian Plains Apt. 077','2014-12-06 15:02:15','2021-05-16 21:14:51'),(58,'jacey58@example.net','205-463-8423','373124','Kazakhstan','Walterbury','51442 Monahan Valleys','2014-01-23 13:19:17','2021-05-16 21:14:51'),(59,'gia.schroeder@example.org','514-151-6067x8169','136126','Tunisia','East Sabina','6955 Bartoletti Crescent','2018-09-27 07:52:29','2021-05-16 21:14:51'),(60,'kratke@example.com','255.480.7683x85225','461259','Montenegro','Coltonview','5584 Hailey Shore','2017-06-01 11:35:21','2021-05-16 21:14:51'),(61,'maureen.mckenzie@example.org','(508)763-9488','297917','Greece','East Esperanzaside','261 Stroman Spurs Suite 129','2012-07-07 05:21:44','2021-05-16 21:14:51'),(62,'harvey.harrison@example.com','595.259.3866x8491','505808','Slovenia','Noemyfort','221 Tromp Trace Apt. 735','2011-12-30 00:04:08','2021-05-16 21:14:51'),(63,'ymills@example.net','+71(2)6145050573','535289','Cyprus','Modestaview','9511 Vince Overpass','2014-10-19 21:30:07','2021-05-16 21:14:51'),(64,'jakubowski.diego@example.net','1-672-853-8002x23894','559024','Cape Verde','Howellmouth','713 Edwin Well Apt. 862','2013-10-21 04:54:47','2021-05-16 21:14:51'),(65,'douglas.amie@example.com','784-342-0247x734','589252','Ethiopia','West Seamusfort','4164 Katlynn Mountain','2018-01-23 02:18:54','2021-05-16 21:14:51'),(66,'dorthy58@example.net','1-365-826-2310x838','169189','French Southern Territories','West Levitown','561 Barrows Junction','2015-05-25 14:24:45','2021-05-16 21:14:51'),(67,'hegmann.brooks@example.org','282-472-8018x2765','478191','Sudan','Feeneyhaven','52293 Alize Rue','2012-10-04 16:02:11','2021-05-16 21:14:51'),(68,'gus62@example.com','1-236-852-7340','283388','Mauritius','Larsonmouth','550 Rau Mountains','2019-10-19 04:00:20','2021-05-16 21:14:51'),(69,'ozella.schroeder@example.com','311-347-5454','382365','Netherlands','Port Velmafort','69133 Keven Branch Apt. 826','2015-06-14 04:00:06','2021-05-16 21:14:51'),(70,'corwin.jovanny@example.com','(431)528-0839x46849','461663','Sierra Leone','Lake Haileeberg','4875 Twila Parks','2014-08-17 17:04:54','2021-05-16 21:14:51'),(71,'mcglynn.lizzie@example.org','1-516-751-1939x342','561219','Papua New Guinea','Gleichnerfurt','857 Wolf Rue','2011-12-04 22:53:58','2021-05-16 21:14:51'),(72,'mkoch@example.com','(456)096-6414x466','321109','South Africa','Terryport','5663 Brook Circles Apt. 010','2019-03-05 02:09:35','2021-05-16 21:14:51'),(73,'myrtie.considine@example.net','(241)559-7999x5615','321885','Brunei Darussalam','Lake Ramirochester','28065 Lebsack Knolls Apt. 275','2015-07-23 09:08:08','2021-05-16 21:14:51'),(74,'ledner.millie@example.com','1-658-607-0260','546102','Senegal','South Kitty','071 Odell Island','2015-11-30 07:12:27','2021-05-16 21:14:51'),(75,'jovanny74@example.net','(623)447-7395x1843','164855','Seychelles','Chandlerville','92613 Camren Grove Suite 720','2013-09-14 15:49:06','2021-05-16 21:14:51'),(76,'karina57@example.net','+66(0)5138723422','585969','Austria','South Darrel','2320 Mavis View','2012-11-29 05:59:19','2021-05-16 21:14:51'),(77,'hollie.prosacco@example.com','03261820459','335282','Antarctica (the territory South of 60 deg S)','Abigalefurt','63493 Gutmann Manors Apt. 956','2013-11-06 04:51:19','2021-05-16 21:14:51'),(78,'howell.vidal@example.org','(961)237-2705','318502','Christmas Island','Handshire','9127 Jesse Terrace','2017-05-06 03:30:57','2021-05-16 21:14:51'),(79,'ohalvorson@example.com','+37(2)8593691393','486665','United States Minor Outlying Islands','Dejafort','6116 Emiliano Isle Apt. 232','2014-05-29 09:33:20','2021-05-16 21:14:51'),(80,'xgoodwin@example.org','+26(3)9358948520','377820','Argentina','Eleanoramouth','73636 Dolly Extensions','2012-03-18 10:25:20','2021-05-16 21:14:51'),(81,'jrath@example.com','00280727207','329106','Macedonia','Lucindaland','4114 Gusikowski Fall Apt. 810','2013-02-14 16:23:19','2021-05-16 21:14:51'),(82,'frankie.moore@example.net','666-891-7335','412071','Somalia','East Ibrahim','083 Reynolds Shoal','2018-08-08 22:05:31','2021-05-16 21:14:51'),(83,'lesch.fanny@example.com','820-555-4438','473039','Monaco','West Arlo','970 Santino Walk Suite 746','2018-05-21 01:53:28','2021-05-16 21:14:51'),(84,'cruz71@example.net','(662)001-4751x38826','528979','Iceland','Carolynestad','5859 Edgardo Summit Suite 432','2017-10-25 09:31:18','2021-05-16 21:14:51'),(85,'mafalda78@example.net','976.661.6517x98750','125779','Greece','West Orion','94496 Nyah Hill Apt. 430','2016-08-15 02:51:59','2021-05-16 21:14:51'),(86,'hailee95@example.org','1-280-862-1908x9008','441960','Bosnia and Herzegovina','Lake Nikitahaven','3901 McKenzie Flat','2013-10-20 03:38:37','2021-05-16 21:14:51'),(87,'jaqueline.harber@example.net','1-253-044-8888x24947','232463','Wallis and Futuna','Port Dawn','53986 Leannon Burgs Suite 725','2016-10-02 06:40:21','2021-05-16 21:14:51'),(88,'block.vincenzo@example.org','02062653282','236434','Denmark','Ernserhaven','65141 Blick Trafficway Suite 889','2016-05-24 22:26:41','2021-05-16 21:14:51'),(89,'uullrich@example.org','083-845-4886x775','384785','Syrian Arab Republic','South Elva','62050 Kohler Lake','2012-02-17 00:17:34','2021-05-16 21:14:51'),(90,'candelario.fahey@example.com','621-538-8646x370','114620','Canada','Lindshire','1907 Price Forges','2015-05-03 11:03:02','2021-05-16 21:14:51'),(91,'zschmitt@example.net','1-936-332-9101x959','318747','Kazakhstan','New Adolph','516 Jo Crossing','2011-11-01 15:42:45','2021-05-16 21:14:51'),(92,'denesik.green@example.net','(740)178-9683x6888','149873','Monaco','Clairville','04644 Makayla Trail','2018-09-10 19:45:05','2021-05-16 21:14:51'),(93,'julien34@example.com','(989)376-2742x141','193128','Gibraltar','South Kiraside','474 Kohler Junctions Apt. 396','2017-09-19 15:10:27','2021-05-16 21:14:51'),(94,'nils52@example.org','(130)809-3752x515','416021','Andorra','North Ressie','40551 Alexandrea Ridges Suite 758','2016-10-12 13:26:36','2021-05-16 21:14:51'),(95,'doris50@example.net','895.457.5028','400722','Honduras','Kassulkeside','7057 Murazik Unions','2014-08-18 06:21:13','2021-05-16 21:14:51'),(96,'braden.will@example.net','225-946-2923x71214','155549','Guadeloupe','Rosemariemouth','3238 Jaylon Lodge','2019-09-12 10:28:23','2021-05-16 21:14:51'),(97,'alize.rutherford@example.com','(018)775-2551','475577','Puerto Rico','Skilesshire','8713 Kaya Lock Suite 139','2017-12-18 22:21:07','2021-05-16 21:14:51'),(98,'jolie.schimmel@example.org','(147)736-4527x5660','311238','Norfolk Island','Kleinchester','5081 Murazik Land','2019-11-07 02:35:46','2021-05-16 21:14:51'),(99,'gerardo.yost@example.net','1-339-260-0401x45831','529461','Algeria','Ankundingberg','7225 Harber Port Apt. 508','2015-09-20 15:39:58','2021-05-16 21:14:51'),(100,'bednar.modesta@example.org','(314)984-4954x6107','113590','Saint Kitts and Nevis','Bradburgh','9622 Medhurst Drive','2017-02-17 04:06:02','2021-05-16 21:14:51');
/*!40000 ALTER TABLE `accounts` ENABLE KEYS */;
UNLOCK TABLES;

--
-- Table structure for table `catalogs`
--

DROP TABLE IF EXISTS `catalogs`;
/*!40101 SET @saved_cs_client     = @@character_set_client */;
/*!50503 SET character_set_client = utf8mb4 */;
CREATE TABLE `catalogs` (
  `id` bigint unsigned NOT NULL AUTO_INCREMENT COMMENT '╨╕╨┤╨╡╨╜╤В╨╕╤Д╨╕╨║╨░╤В╨╛╤А ╨║╨░╤В╨╡╨│╨╛╤А╨╕╨╕ ╤В╨╛╨▓╨░╤А╨░',
  `name` varchar(100) CHARACTER SET utf8mb4 COLLATE utf8mb4_unicode_ci NOT NULL COMMENT '╨╜╨░╨╕╨╝╨╡╨╜╨╛╨▓╨░╨╜╨╕╨╡ ╨║╨░╤В╨╡╨│╨╛╤А╨╕╨╕ ╤В╨╛╨▓╨░╤А╨░',
  `created_at` datetime DEFAULT CURRENT_TIMESTAMP COMMENT '╨Т╤А╨╡╨╝╤П ╤Б╨╛╨╖╨┤╨░╨╜╨╕╤П ╤Б╤В╤А╨╛╨║╨╕',
  `updated_at` datetime DEFAULT CURRENT_TIMESTAMP ON UPDATE CURRENT_TIMESTAMP COMMENT '╨Т╤А╨╡╨╝╤П ╨╛╨▒╨╜╨╛╨▓╨╗╨╡╨╜╨╕╤П ╤Б╤В╤А╨╛╨║╨╕',
  PRIMARY KEY (`id`)
) ENGINE=InnoDB AUTO_INCREMENT=6 DEFAULT CHARSET=utf8mb4 COLLATE=utf8mb4_unicode_ci COMMENT='╨Ъ╨░╤В╨░╨╗╨╛╨│ ╤В╨╛╨▓╨░╤А╨╛╨▓';
/*!40101 SET character_set_client = @saved_cs_client */;

--
-- Dumping data for table `catalogs`
--

LOCK TABLES `catalogs` WRITE;
/*!40000 ALTER TABLE `catalogs` DISABLE KEYS */;
INSERT INTO `catalogs` VALUES (1,'Рубашки','1998-04-12 17:42:39','2021-05-16 21:08:38'),(2,'Брюки','1983-09-28 19:55:49','2021-05-16 21:08:38'),(3,'Костюмы','1987-09-17 06:12:50','2021-05-16 21:08:38'),(4,'Куртки','2000-10-03 09:34:23','2021-05-16 21:08:38'),(5,'Нижнее бельё','2013-10-07 08:12:14','2021-05-16 21:08:38');
/*!40000 ALTER TABLE `catalogs` ENABLE KEYS */;
UNLOCK TABLES;

--
-- Table structure for table `discounts`
--

DROP TABLE IF EXISTS `discounts`;
/*!40101 SET @saved_cs_client     = @@character_set_client */;
/*!50503 SET character_set_client = utf8mb4 */;
CREATE TABLE `discounts` (
  `id` bigint unsigned NOT NULL AUTO_INCREMENT COMMENT '╨╕╨╜╨┤╨╡╨║╤Б',
  `user_id` bigint unsigned NOT NULL COMMENT '╨╕╨┤╨╡╨╜╤В╨╕╤Д╨╕╨║╨░╤В╨╛╤А ╨┐╨╛╨╗╤М╨╖╨╛╨▓╨░╤В╨╡╨╗╤П',
  `product_id` bigint unsigned NOT NULL COMMENT '╨╕╨┤╨╡╨╜╤В╨╕╤Д╨╕╨║╨░╤В╨╛╤А ╤В╨╛╨▓╨░╤А╨░',
  `discount` float unsigned DEFAULT NULL COMMENT '╨┤╨╕╤Б╨║╨╛╨╜╤В',
  `started_at` datetime DEFAULT NULL COMMENT '╨╜╨░╤З╨░╨╗╨╛ ╨┤╨╡╨╣╤Б╤В╨▓╨╕╤П ╨┤╨╕╤Б╨║╨╛╨╜╤В╨░',
  `finished_at` datetime DEFAULT NULL COMMENT '╨╛╨║╨╛╨╜╤З╨░╨╜╨╕╨╡ ╨┤╨╕╤Б╨║╨╛╨╜╤В╨░',
  `created_at` datetime DEFAULT CURRENT_TIMESTAMP COMMENT '╨Т╤А╨╡╨╝╤П ╤Б╨╛╨╖╨┤╨░╨╜╨╕╤П ╤Б╤В╤А╨╛╨║╨╕',
  `updated_at` datetime DEFAULT CURRENT_TIMESTAMP ON UPDATE CURRENT_TIMESTAMP COMMENT '╨Т╤А╨╡╨╝╤П ╨╛╨▒╨╜╨╛╨▓╨╗╨╡╨╜╨╕╤П ╤Б╤В╤А╨╛╨║╨╕',
  PRIMARY KEY (`id`),
  KEY `discounts_user_id_fk` (`user_id`),
  KEY `discounts_product_id_fk` (`product_id`),
  CONSTRAINT `discounts_product_id_fk` FOREIGN KEY (`product_id`) REFERENCES `products` (`id`),
  CONSTRAINT `discounts_user_id_fk` FOREIGN KEY (`user_id`) REFERENCES `users` (`id`)
) ENGINE=InnoDB AUTO_INCREMENT=51 DEFAULT CHARSET=utf8mb4 COLLATE=utf8mb4_unicode_ci COMMENT='╨┤╨╕╤Б╨║╨╛╨╜╤В╤Л';
/*!40101 SET character_set_client = @saved_cs_client */;

--
-- Dumping data for table `discounts`
--

LOCK TABLES `discounts` WRITE;
/*!40000 ALTER TABLE `discounts` DISABLE KEYS */;
INSERT INTO `discounts` VALUES (1,26,3,1,'2016-12-14 03:37:41','2021-05-16 21:56:13','2020-10-22 18:27:38','2021-05-16 21:56:13'),(2,56,94,4,'2020-12-25 06:49:03','2021-05-16 21:56:13','2015-02-08 21:54:14','2021-05-16 21:56:13'),(3,3,58,19,'2013-07-10 14:29:40','2021-05-16 21:56:13','2012-04-16 17:40:28','2021-05-16 21:56:13'),(4,48,11,21,'2015-05-06 09:21:01','2017-04-08 22:53:40','2016-06-12 13:48:42','2021-05-16 21:52:54'),(5,27,78,19,'2021-01-25 00:44:31','2021-05-16 21:56:13','2016-08-01 22:29:26','2021-05-16 21:56:13'),(6,93,59,29,'2015-05-05 08:23:37','2021-01-30 22:46:50','2016-12-22 14:13:42','2021-05-16 21:52:54'),(7,83,58,1,'2013-10-18 05:15:13','2014-09-14 00:05:13','2019-11-27 15:09:16','2021-05-16 21:52:01'),(8,34,12,5,'2013-10-31 20:24:46','2021-05-16 21:56:13','2014-12-01 00:33:03','2021-05-16 21:56:13'),(9,21,85,20,'2014-05-19 13:36:16','2021-05-16 21:56:13','2016-04-01 05:50:40','2021-05-16 21:56:13'),(10,4,91,26,'2017-09-19 20:46:56','2021-05-16 21:56:13','2020-07-21 22:22:00','2021-05-16 21:56:13'),(11,56,100,10,'2014-09-29 15:51:42','2015-11-18 00:47:27','2017-09-17 13:31:07','2021-05-16 21:52:54'),(12,68,27,30,'2018-02-08 17:15:15','2021-05-16 21:56:13','2014-10-12 21:56:52','2021-05-16 21:56:13'),(13,69,35,30,'2012-11-19 14:36:09','2015-07-31 17:02:07','2017-07-18 13:20:47','2021-05-16 21:52:54'),(14,43,94,1,'2011-08-18 14:59:55','2012-12-27 21:06:42','2016-11-25 08:23:46','2021-05-16 21:52:54'),(15,6,62,5,'2018-09-01 05:36:00','2021-05-16 21:56:13','2012-08-08 11:45:25','2021-05-16 21:56:13'),(16,99,27,20,'2013-11-02 10:28:58','2021-02-28 23:50:04','2016-08-19 02:49:43','2021-05-16 21:52:54'),(17,79,50,26,'2020-10-29 14:19:06','2021-04-27 10:58:45','2017-08-31 11:15:45','2021-05-16 21:52:54'),(18,98,67,7,'2013-07-02 10:05:12','2018-09-22 01:59:18','2015-03-25 11:05:10','2021-05-16 21:52:54'),(19,51,87,16,'2020-06-21 03:14:31','2020-08-06 19:20:28','2020-05-30 05:12:01','2021-05-16 21:52:54'),(20,59,31,1,'2020-11-07 20:36:01','2021-05-16 21:56:13','2011-10-05 11:35:40','2021-05-16 21:56:13'),(21,44,95,18,'2015-11-06 11:51:04','2021-05-16 21:56:13','2013-06-07 18:59:14','2021-05-16 21:56:13'),(22,40,82,23,'2012-01-22 03:23:50','2017-04-08 18:06:21','2018-07-26 18:23:55','2021-05-16 21:52:54'),(23,67,25,1,'2012-04-30 21:53:54','2017-09-25 11:55:42','2011-10-10 15:13:24','2021-05-16 21:52:54'),(24,17,77,27,'2013-04-02 21:18:39','2015-05-21 05:49:05','2019-03-17 20:50:15','2021-05-16 21:52:54'),(25,83,8,11,'2014-07-12 00:13:54','2021-05-16 21:56:13','2017-04-13 23:16:52','2021-05-16 21:56:13'),(26,65,10,5,'2013-07-07 12:59:50','2017-08-20 11:10:29','2014-03-10 19:59:43','2021-05-16 21:52:54'),(27,74,27,20,'2019-11-10 02:07:34','2021-05-16 21:56:13','2017-04-05 11:08:06','2021-05-16 21:56:13'),(28,75,5,23,'2014-04-22 15:34:49','2021-05-16 21:56:13','2011-05-22 00:36:39','2021-05-16 21:56:13'),(29,53,44,27,'2017-05-25 13:03:08','2021-03-21 03:32:33','2014-03-21 16:02:17','2021-05-16 21:52:54'),(30,40,4,6,'2015-01-19 22:20:20','2016-04-20 22:31:32','2021-04-01 09:40:08','2021-05-16 21:52:54'),(31,41,87,6,'2020-02-23 06:45:34','2021-05-16 21:56:13','2019-08-17 23:19:00','2021-05-16 21:56:13'),(32,83,22,12,'2013-01-08 09:39:18','2013-09-01 11:23:49','2020-06-27 13:41:55','2021-05-16 21:52:54'),(33,91,51,13,'2014-11-29 18:00:57','2015-09-12 04:48:45','2015-07-06 16:29:55','2021-05-16 21:52:54'),(34,7,87,26,'2014-09-13 12:08:49','2021-05-16 21:56:13','2017-06-14 22:29:11','2021-05-16 21:56:13'),(35,63,82,30,'2019-06-12 00:07:52','2019-12-27 18:38:23','2015-05-07 00:14:27','2021-05-16 21:52:54'),(36,91,49,15,'2019-10-30 16:32:30','2021-05-16 21:56:13','2012-07-15 04:02:30','2021-05-16 21:56:13'),(37,67,97,11,'2017-02-28 12:41:07','2021-05-16 21:56:13','2016-10-24 04:14:01','2021-05-16 21:56:13'),(38,61,40,12,'2012-01-04 08:34:24','2018-10-23 13:47:30','2014-07-08 05:23:54','2021-05-16 21:52:54'),(39,5,5,27,'2020-02-02 10:13:03','2020-04-19 16:17:25','2012-04-02 21:42:13','2021-05-16 21:52:54'),(40,40,7,9,'2015-03-06 15:24:28','2021-05-16 21:56:13','2018-01-17 12:56:01','2021-05-16 21:56:13'),(41,84,19,23,'2018-11-24 10:34:49','2021-05-16 21:56:13','2015-01-06 09:49:01','2021-05-16 21:56:13'),(42,1,73,26,'2016-07-09 07:09:13','2021-05-16 21:56:13','2017-02-18 14:22:36','2021-05-16 21:56:13'),(43,52,7,3,'2014-06-05 20:14:49','2021-05-16 21:56:13','2018-09-25 05:15:10','2021-05-16 21:56:13'),(44,56,16,26,'2016-02-26 17:49:44','2018-04-28 11:24:50','2013-10-07 17:48:35','2021-05-16 21:52:54'),(45,22,58,29,'2014-08-01 15:29:26','2020-02-29 23:20:21','2014-08-20 08:22:02','2021-05-16 21:52:54'),(46,42,41,7,'2016-02-11 16:41:45','2021-05-16 21:56:13','2019-05-19 10:18:17','2021-05-16 21:56:13'),(47,42,31,9,'2014-10-30 16:17:45','2021-05-16 21:56:13','2013-04-12 05:55:44','2021-05-16 21:56:13'),(48,85,34,23,'2018-04-22 21:36:42','2021-05-16 21:56:13','2020-08-02 20:42:41','2021-05-16 21:56:13'),(49,99,73,27,'2020-10-26 09:51:42','2021-05-16 21:56:13','2020-07-13 22:07:18','2021-05-16 21:56:13'),(50,40,64,6,'2012-08-15 10:04:18','2017-05-26 13:03:48','2012-12-04 18:00:12','2021-05-16 21:52:54');
/*!40000 ALTER TABLE `discounts` ENABLE KEYS */;
UNLOCK TABLES;

--
-- Table structure for table `managers`
--

DROP TABLE IF EXISTS `managers`;
/*!40101 SET @saved_cs_client     = @@character_set_client */;
/*!50503 SET character_set_client = utf8mb4 */;
CREATE TABLE `managers` (
  `id` bigint unsigned NOT NULL AUTO_INCREMENT COMMENT '╨╕╨┤╨╡╨╜╤В╨╕╤Д╨╕╨║╨░╤В╨╛╤А ╨╝╨╡╨╜╨╡╨┤╨╢╨╡╤А╨░',
  `first_name` varchar(100) CHARACTER SET utf8mb4 COLLATE utf8mb4_unicode_ci NOT NULL COMMENT '╨╕╨╝╤П ╨┐╨╛╨╗╤М╨╖╨╛╨▓╨░╤В╨╡╨╗╤П',
  `last_name` varchar(100) CHARACTER SET utf8mb4 COLLATE utf8mb4_unicode_ci NOT NULL COMMENT '╤Д╨░╨╝╨╕╨╗╨╕╤П ╨┐╨╛╨╗╤М╨╖╨╛╨▓╨░╤В╨╡╨╗╤П',
  `created_at` datetime DEFAULT CURRENT_TIMESTAMP COMMENT '╨Т╤А╨╡╨╝╤П ╤Б╨╛╨╖╨┤╨░╨╜╨╕╤П ╤Б╤В╤А╨╛╨║╨╕',
  `updated_at` datetime DEFAULT CURRENT_TIMESTAMP ON UPDATE CURRENT_TIMESTAMP COMMENT '╨Т╤А╨╡╨╝╤П ╨╛╨▒╨╜╨╛╨▓╨╗╨╡╨╜╨╕╤П ╤Б╤В╤А╨╛╨║╨╕',
  PRIMARY KEY (`id`)
) ENGINE=InnoDB AUTO_INCREMENT=11 DEFAULT CHARSET=utf8mb4 COLLATE=utf8mb4_unicode_ci COMMENT='╨Ь╨╡╨╜╨╡╨┤╨╢╨╡╤А╤Л';
/*!40101 SET character_set_client = @saved_cs_client */;

--
-- Dumping data for table `managers`
--

LOCK TABLES `managers` WRITE;
/*!40000 ALTER TABLE `managers` DISABLE KEYS */;
INSERT INTO `managers` VALUES (1,'Dayne','Simonis','2014-06-21 21:36:24','2016-11-25 17:55:49'),(2,'Desmond','Wehner','2021-04-05 08:12:15','2021-05-16 21:17:27'),(3,'Melyssa','Rowe','2020-08-28 20:57:19','2021-05-16 21:17:27'),(4,'Dayana','Wilkinson','2014-03-08 14:53:59','2020-07-15 10:54:29'),(5,'Alejandrin','Weimann','2013-06-06 15:00:41','2021-05-16 21:17:27'),(6,'Elliott','Pfeffer','2019-04-03 08:58:04','2021-05-16 21:17:27'),(7,'Lina','Effertz','2017-08-24 18:48:43','2020-07-30 13:42:13'),(8,'Josefina','Dietrich','2016-11-14 23:53:33','2021-05-16 21:17:27'),(9,'Morgan','Vandervort','2013-07-20 10:24:31','2021-04-13 06:30:25'),(10,'Grace','Corwin','2016-10-01 23:26:08','2021-05-16 21:17:27');
/*!40000 ALTER TABLE `managers` ENABLE KEYS */;
UNLOCK TABLES;

--
-- Table structure for table `orders`
--

DROP TABLE IF EXISTS `orders`;
/*!40101 SET @saved_cs_client     = @@character_set_client */;
/*!50503 SET character_set_client = utf8mb4 */;
CREATE TABLE `orders` (
  `id` bigint unsigned NOT NULL AUTO_INCREMENT COMMENT '╨╕╨┤╨╡╨╜╤В╨╕╤Д╨╕╨║╨░╤В╨╛╤А ╨╖╨░╨║╨░╨╖╨░',
  `user_id` bigint unsigned NOT NULL COMMENT '╨╕╨┤╨╡╨╜╤В╨╕╤Д╨╕╨║╨░╤В╨╛╤А ╨┐╨╛╨╗╤М╨╖╨╛╨▓╨░╤В╨╡╨╗╤П',
  `created_at` datetime DEFAULT CURRENT_TIMESTAMP COMMENT '╨Т╤А╨╡╨╝╤П ╤Б╨╛╨╖╨┤╨░╨╜╨╕╤П ╤Б╤В╤А╨╛╨║╨╕',
  `updated_at` datetime DEFAULT CURRENT_TIMESTAMP ON UPDATE CURRENT_TIMESTAMP COMMENT '╨Т╤А╨╡╨╝╤П ╨╛╨▒╨╜╨╛╨▓╨╗╨╡╨╜╨╕╤П ╤Б╤В╤А╨╛╨║╨╕',
  PRIMARY KEY (`id`),
  KEY `orders_user_id_fk` (`user_id`),
  CONSTRAINT `orders_user_id_fk` FOREIGN KEY (`user_id`) REFERENCES `users` (`id`)
) ENGINE=InnoDB AUTO_INCREMENT=101 DEFAULT CHARSET=utf8mb4 COLLATE=utf8mb4_unicode_ci COMMENT='╨╖╨░╨║╨░╨╖ ╨┐╨╛╨║╤Г╨┐╨░╤В╨╡╨╗╨╡╨╝';
/*!40101 SET character_set_client = @saved_cs_client */;

--
-- Dumping data for table `orders`
--

LOCK TABLES `orders` WRITE;
/*!40000 ALTER TABLE `orders` DISABLE KEYS */;
INSERT INTO `orders` VALUES (1,50,'2018-05-27 00:12:28','2021-05-16 21:42:21'),(2,63,'2011-11-15 18:04:08','2021-05-16 21:42:21'),(3,64,'2017-07-23 00:55:36','2021-05-16 21:42:21'),(4,28,'2020-07-31 02:52:43','2021-05-16 21:42:21'),(5,51,'2016-09-25 09:00:00','2021-05-16 21:42:21'),(6,70,'2013-01-20 12:01:32','2021-05-16 21:42:21'),(7,95,'2021-01-25 13:27:12','2021-05-16 21:42:21'),(8,66,'2021-04-01 16:04:33','2021-05-16 21:42:21'),(9,45,'2012-03-20 19:15:04','2021-05-16 21:42:21'),(10,27,'2016-03-13 14:41:51','2021-05-16 21:42:21'),(11,1,'2012-08-09 20:58:12','2021-05-16 21:42:21'),(12,20,'2012-02-20 05:17:08','2021-05-16 21:42:21'),(13,98,'2019-08-10 10:43:07','2021-05-16 21:42:21'),(14,30,'2019-05-02 19:03:03','2021-05-16 21:42:21'),(15,57,'2015-03-25 04:51:25','2021-05-16 21:42:21'),(16,92,'2011-11-07 21:06:50','2021-05-16 21:42:21'),(17,90,'2016-04-09 21:54:16','2021-05-16 21:42:21'),(18,73,'2016-01-13 12:33:10','2021-05-16 21:42:21'),(19,93,'2020-12-18 11:18:44','2021-05-16 21:42:21'),(20,48,'2013-11-02 10:14:21','2021-05-16 21:42:21'),(21,60,'2014-12-17 20:55:42','2021-05-16 21:42:21'),(22,57,'2013-08-25 22:57:37','2021-05-16 21:42:21'),(23,2,'2018-07-24 10:27:25','2021-05-16 21:42:21'),(24,40,'2019-04-26 15:39:04','2021-05-16 21:42:21'),(25,95,'2016-08-02 02:34:02','2021-05-16 21:42:21'),(26,54,'2012-12-05 07:33:03','2021-05-16 21:42:21'),(27,84,'2018-04-20 04:15:00','2021-05-16 21:42:21'),(28,56,'2017-12-25 21:45:42','2021-05-16 21:42:21'),(29,29,'2017-07-14 23:26:01','2020-02-25 08:39:45'),(30,77,'2015-04-06 10:50:17','2021-05-16 21:42:21'),(31,97,'2017-09-02 10:55:43','2021-05-16 21:42:21'),(32,52,'2011-10-19 11:30:40','2021-05-16 21:42:21'),(33,68,'2012-09-04 21:33:02','2021-05-16 21:42:21'),(34,86,'2017-05-08 02:36:14','2021-05-16 21:42:21'),(35,26,'2017-11-27 13:24:59','2021-05-16 21:42:21'),(36,71,'2014-12-12 05:46:40','2021-05-16 21:42:21'),(37,77,'2021-03-01 18:26:23','2021-05-16 21:42:21'),(38,69,'2014-07-17 15:41:27','2021-05-16 21:42:21'),(39,16,'2012-03-20 22:12:40','2021-05-16 21:42:21'),(40,72,'2016-09-17 22:27:56','2021-05-16 21:42:21'),(41,10,'2014-01-07 11:51:51','2021-05-16 21:42:21'),(42,35,'2019-12-28 18:19:19','2021-05-16 21:42:21'),(43,45,'2011-11-17 09:47:47','2021-05-16 21:42:21'),(44,20,'2011-10-31 05:20:13','2021-05-16 21:42:21'),(45,66,'2017-08-16 18:23:05','2021-05-16 21:42:21'),(46,67,'2013-04-25 13:35:59','2021-05-16 21:42:21'),(47,36,'2014-01-29 19:59:21','2021-05-16 21:42:21'),(48,81,'2018-07-17 08:29:48','2021-05-16 21:42:21'),(49,97,'2020-08-24 06:31:31','2021-05-16 21:42:21'),(50,40,'2019-10-09 06:29:19','2021-05-16 21:42:21'),(51,8,'2013-02-26 06:08:49','2021-05-16 21:42:21'),(52,20,'2016-03-28 09:29:52','2021-05-16 21:42:21'),(53,77,'2016-03-13 09:10:01','2021-05-16 21:42:21'),(54,22,'2013-10-27 13:54:44','2021-05-16 21:42:21'),(55,79,'2018-02-13 18:34:41','2021-05-16 21:42:21'),(56,28,'2018-02-11 05:20:39','2021-05-16 21:42:21'),(57,4,'2016-05-06 14:09:49','2021-05-16 21:42:21'),(58,33,'2016-10-12 07:29:06','2021-05-16 21:42:21'),(59,54,'2012-12-03 22:15:48','2021-05-16 21:42:21'),(60,70,'2015-11-23 16:57:22','2021-05-16 21:42:21'),(61,87,'2016-04-13 11:31:38','2021-05-16 21:42:21'),(62,27,'2015-09-22 08:10:41','2021-05-16 21:42:21'),(63,71,'2018-06-06 18:28:40','2021-05-16 21:42:21'),(64,76,'2016-10-12 04:31:28','2021-05-16 21:42:21'),(65,66,'2016-12-02 09:53:49','2021-05-16 21:42:21'),(66,1,'2013-07-06 21:56:10','2021-05-16 21:42:21'),(67,7,'2017-08-24 08:47:48','2021-05-16 21:42:21'),(68,33,'2011-07-13 10:59:18','2021-05-16 21:42:21'),(69,40,'2011-10-03 17:19:23','2021-05-16 21:42:21'),(70,4,'2021-02-09 04:10:57','2021-05-16 21:42:21'),(71,99,'2012-07-29 06:08:52','2021-05-16 21:42:21'),(72,80,'2021-02-10 03:00:32','2021-05-16 21:42:21'),(73,5,'2018-03-05 00:29:57','2021-05-16 21:42:21'),(74,85,'2013-04-26 17:56:25','2021-05-16 21:42:21'),(75,11,'2011-08-06 06:41:45','2021-05-16 21:42:21'),(76,96,'2015-04-23 19:48:30','2021-05-16 21:42:21'),(77,49,'2019-01-11 18:31:57','2021-05-16 21:42:21'),(78,57,'2011-09-05 22:58:06','2021-05-16 21:42:21'),(79,35,'2016-07-18 11:37:02','2021-05-16 21:42:21'),(80,3,'2013-12-04 07:06:31','2021-05-16 21:42:21'),(81,13,'2016-06-01 14:26:13','2021-05-16 21:42:21'),(82,52,'2020-01-29 02:18:39','2021-05-16 21:42:21'),(83,22,'2018-11-19 10:01:09','2021-05-16 21:42:21'),(84,52,'2019-08-08 13:44:15','2021-05-16 21:42:21'),(85,96,'2017-03-08 21:03:14','2021-05-16 21:42:21'),(86,22,'2011-10-06 15:55:51','2021-05-16 21:42:21'),(87,23,'2016-09-08 14:51:49','2021-05-16 21:42:21'),(88,49,'2012-11-30 05:22:00','2021-05-16 21:42:21'),(89,76,'2013-07-03 15:15:29','2021-05-16 21:42:21'),(90,30,'2017-01-03 08:47:01','2021-05-16 21:42:21'),(91,22,'2019-05-09 20:47:42','2021-05-16 21:42:21'),(92,18,'2012-09-25 02:48:28','2021-05-16 21:42:21'),(93,27,'2012-12-21 10:05:20','2021-05-16 21:42:21'),(94,77,'2013-09-29 16:46:32','2021-05-16 21:42:21'),(95,6,'2016-04-28 12:35:27','2021-05-16 21:42:21'),(96,99,'2018-01-31 01:57:25','2021-05-16 21:42:21'),(97,74,'2020-02-25 16:23:52','2021-05-16 21:42:21'),(98,74,'2014-05-27 08:34:36','2021-05-16 21:42:21'),(99,49,'2012-07-06 09:57:59','2021-05-16 21:42:21'),(100,21,'2019-11-03 02:24:59','2021-05-16 21:42:21');
/*!40000 ALTER TABLE `orders` ENABLE KEYS */;
UNLOCK TABLES;

--
-- Table structure for table `orders_products`
--

DROP TABLE IF EXISTS `orders_products`;
/*!40101 SET @saved_cs_client     = @@character_set_client */;
/*!50503 SET character_set_client = utf8mb4 */;
CREATE TABLE `orders_products` (
  `id` bigint unsigned NOT NULL AUTO_INCREMENT COMMENT '╨╕╨╜╨┤╨╡╨║╤Б',
  `order_id` bigint unsigned NOT NULL COMMENT '╨╕╨┤╨╡╨╜╤В╨╕╤Д╨╕╨║╨░╤В╨╛╤А ╨╖╨░╨║╨░╨╖╨░',
  `product_id` bigint unsigned NOT NULL COMMENT '╨╕╨┤╨╡╨╜╤В╨╕╤Д╨╕╨║╨░╤В╨╛╤А ╤В╨╛╨▓╨░╤А╨░',
  `total` int unsigned NOT NULL COMMENT '╨Ъ╨╛╨╗╨╕╤З╨╡╤Б╤В╨▓╨╛ ╨╖╨░╨║╨░╨╖╨░╨╜╨╜╤Л╤Е ╤В╨╛╨▓╨░╤А╨╜╤Л╤Е ╨┐╨╛╨╖╨╕╤Ж╨╕╨╣',
  `created_at` datetime DEFAULT CURRENT_TIMESTAMP COMMENT '╨Т╤А╨╡╨╝╤П ╤Б╨╛╨╖╨┤╨░╨╜╨╕╤П ╤Б╤В╤А╨╛╨║╨╕',
  `updated_at` datetime DEFAULT CURRENT_TIMESTAMP ON UPDATE CURRENT_TIMESTAMP COMMENT '╨Т╤А╨╡╨╝╤П ╨╛╨▒╨╜╨╛╨▓╨╗╨╡╨╜╨╕╤П ╤Б╤В╤А╨╛╨║╨╕',
  PRIMARY KEY (`id`),
  KEY `orders_products_user_id_fk` (`order_id`),
  KEY `orders_products_product_id_fk` (`product_id`),
  CONSTRAINT `orders_products_product_id_fk` FOREIGN KEY (`product_id`) REFERENCES `products` (`id`),
  CONSTRAINT `orders_products_user_id_fk` FOREIGN KEY (`order_id`) REFERENCES `orders` (`id`)
) ENGINE=InnoDB AUTO_INCREMENT=101 DEFAULT CHARSET=utf8mb4 COLLATE=utf8mb4_unicode_ci COMMENT='╨╖╨░╨║╨░╨╖╤Л';
/*!40101 SET character_set_client = @saved_cs_client */;

--
-- Dumping data for table `orders_products`
--

LOCK TABLES `orders_products` WRITE;
/*!40000 ALTER TABLE `orders_products` DISABLE KEYS */;
INSERT INTO `orders_products` VALUES (1,59,71,9,'2016-11-02 00:42:59','2021-05-16 21:49:29'),(2,32,8,4,'2017-01-11 02:29:20','2021-05-16 21:49:29'),(3,83,26,4,'2019-01-15 05:02:21','2021-05-16 21:49:29'),(4,19,3,7,'2018-08-08 21:50:45','2021-05-16 21:49:29'),(5,45,38,4,'2012-03-08 12:12:05','2021-05-16 21:49:29'),(6,65,82,6,'2018-04-11 05:25:53','2021-05-16 21:49:29'),(7,92,95,7,'2016-06-05 05:03:47','2021-05-16 21:49:29'),(8,65,30,7,'2015-06-23 19:23:14','2021-05-16 21:49:29'),(9,46,63,4,'2020-01-21 15:21:07','2021-05-16 21:49:29'),(10,34,27,9,'2021-01-03 05:00:32','2021-05-16 21:49:29'),(11,33,43,3,'2012-07-25 16:36:39','2021-05-16 21:49:29'),(12,63,33,7,'2013-03-02 23:50:26','2021-05-16 21:49:29'),(13,16,35,4,'2016-05-17 14:53:04','2021-05-16 21:49:29'),(14,90,77,10,'2012-12-23 20:58:55','2021-05-16 21:49:29'),(15,3,79,9,'2021-04-19 21:41:34','2021-05-16 21:49:29'),(16,42,63,2,'2014-04-23 02:37:14','2021-05-16 21:49:29'),(17,3,78,5,'2020-11-30 11:28:31','2021-05-16 21:49:29'),(18,86,99,6,'2020-06-14 20:35:17','2021-05-16 21:49:29'),(19,19,63,7,'2012-01-09 12:58:05','2021-05-16 21:49:29'),(20,40,16,7,'2017-08-04 19:23:57','2021-05-16 21:49:29'),(21,41,92,2,'2019-11-03 06:14:36','2021-05-16 21:49:29'),(22,83,12,9,'2018-12-20 03:39:09','2021-05-16 21:49:29'),(23,91,81,10,'2017-12-12 10:17:02','2021-05-16 21:49:29'),(24,7,71,10,'2012-01-23 23:22:10','2021-05-16 21:49:29'),(25,59,12,9,'2019-05-05 20:50:38','2021-05-16 21:49:29'),(26,76,46,6,'2014-02-06 13:02:41','2021-05-16 21:49:29'),(27,4,91,1,'2011-06-12 20:16:23','2021-05-16 21:49:29'),(28,89,19,5,'2019-02-12 11:48:37','2021-05-16 21:49:29'),(29,35,22,4,'2014-07-29 03:04:03','2021-05-16 21:49:29'),(30,7,50,4,'2017-09-03 17:21:07','2021-05-16 21:49:29'),(31,28,85,9,'2015-11-16 08:13:37','2021-05-16 21:49:29'),(32,21,74,10,'2020-06-29 03:45:19','2021-05-16 21:49:29'),(33,20,13,4,'2021-01-16 01:14:40','2021-05-16 21:49:29'),(34,35,43,10,'2014-05-31 20:00:46','2021-05-16 21:49:29'),(35,16,78,6,'2014-04-03 17:22:15','2021-05-16 21:49:29'),(36,75,59,9,'2017-08-29 06:53:07','2021-05-16 21:49:29'),(37,27,59,8,'2016-06-06 19:25:30','2021-05-16 21:49:29'),(38,7,20,10,'2018-08-11 11:35:42','2021-05-16 21:49:29'),(39,54,23,7,'2012-07-11 08:42:38','2021-05-16 21:49:29'),(40,50,52,6,'2019-12-16 01:45:51','2021-05-16 21:49:29'),(41,86,93,6,'2017-07-24 01:27:11','2021-05-16 21:49:29'),(42,80,10,4,'2014-08-30 19:17:22','2021-05-16 21:49:29'),(43,41,67,9,'2016-01-06 00:35:58','2021-05-16 21:49:29'),(44,63,5,5,'2017-07-09 02:03:34','2021-05-16 21:49:29'),(45,92,23,4,'2018-02-20 17:44:16','2021-05-16 21:49:29'),(46,73,1,8,'2017-10-17 17:39:08','2021-05-16 21:49:29'),(47,87,37,6,'2016-10-07 19:00:14','2021-05-16 21:49:29'),(48,16,78,5,'2014-05-15 18:08:49','2021-05-16 21:49:29'),(49,17,80,5,'2016-08-03 16:50:07','2021-05-16 21:49:29'),(50,35,66,1,'2013-08-15 21:03:41','2021-05-16 21:49:29'),(51,26,90,9,'2019-11-07 14:29:15','2021-05-16 21:49:29'),(52,26,52,3,'2013-12-28 09:28:26','2021-05-16 21:49:29'),(53,49,90,6,'2017-07-16 03:27:59','2021-05-16 21:49:29'),(54,66,95,10,'2011-05-18 22:39:25','2021-05-16 21:49:29'),(55,85,2,3,'2019-04-20 21:19:53','2021-05-16 21:49:29'),(56,27,24,5,'2021-01-09 19:08:26','2021-05-16 21:49:29'),(57,80,12,6,'2016-06-13 12:25:02','2021-05-16 21:49:29'),(58,18,91,4,'2019-05-22 18:19:18','2021-05-16 21:49:29'),(59,47,15,3,'2013-07-04 20:17:35','2021-05-16 21:49:29'),(60,82,4,10,'2013-05-22 01:37:10','2021-05-16 21:49:29'),(61,68,74,9,'2020-09-27 10:21:41','2021-05-16 21:49:29'),(62,94,58,8,'2013-04-09 10:41:09','2021-05-16 21:49:29'),(63,66,69,10,'2012-10-30 07:26:24','2021-05-16 21:49:29'),(64,49,69,8,'2015-12-18 19:08:40','2021-05-16 21:49:29'),(65,45,39,8,'2011-06-11 06:06:50','2021-05-16 21:49:29'),(66,78,85,4,'2018-03-28 14:33:27','2021-05-16 21:49:29'),(67,53,8,8,'2015-11-26 01:13:13','2021-05-16 21:49:29'),(68,32,87,7,'2011-09-18 19:21:26','2021-05-16 21:49:29'),(69,2,8,1,'2017-12-25 03:15:39','2021-05-16 21:49:29'),(70,12,78,3,'2019-03-22 00:03:04','2021-05-16 21:49:29'),(71,56,64,4,'2020-10-13 04:24:27','2021-05-16 21:49:29'),(72,40,88,7,'2014-07-12 21:14:40','2021-05-16 21:49:29'),(73,34,48,3,'2015-03-02 07:20:51','2021-05-16 21:49:29'),(74,51,76,5,'2020-06-08 18:48:58','2021-05-16 21:49:29'),(75,49,36,4,'2015-10-09 03:58:25','2021-05-16 21:49:29'),(76,94,50,3,'2016-07-10 17:50:46','2021-05-16 21:49:29'),(77,24,41,4,'2014-10-12 01:04:52','2021-05-16 21:49:29'),(78,34,54,2,'2016-12-22 11:03:22','2021-05-16 21:49:29'),(79,1,45,6,'2013-05-04 06:48:59','2021-05-16 21:49:29'),(80,99,65,4,'2016-08-27 17:20:09','2021-05-16 21:49:29'),(81,92,91,10,'2016-11-20 17:28:04','2021-05-16 21:49:29'),(82,65,56,9,'2014-05-30 08:03:21','2021-05-16 21:49:29'),(83,47,8,4,'2014-07-29 19:04:40','2021-05-16 21:49:29'),(84,40,71,5,'2014-03-27 05:12:25','2021-05-16 21:49:29'),(85,56,33,9,'2015-03-25 02:18:02','2021-05-16 21:49:29'),(86,62,48,3,'2017-11-10 07:14:56','2021-05-16 21:49:29'),(87,40,44,4,'2013-12-09 05:07:57','2021-05-16 21:49:29'),(88,15,73,2,'2015-05-17 20:54:57','2021-05-16 21:49:29'),(89,53,34,9,'2020-10-07 00:58:12','2021-05-16 21:49:29'),(90,19,49,8,'2012-10-29 12:44:37','2021-05-16 21:49:29'),(91,38,44,3,'2019-08-14 01:05:51','2021-05-16 21:49:29'),(92,32,73,10,'2012-12-25 13:14:00','2021-05-16 21:49:29'),(93,45,33,10,'2018-11-12 04:12:29','2021-05-16 21:49:29'),(94,27,46,2,'2019-10-30 00:05:10','2021-05-16 21:49:29'),(95,100,32,7,'2017-07-11 20:15:57','2021-05-16 21:49:29'),(96,21,18,1,'2015-09-15 16:20:18','2021-05-16 21:49:29'),(97,3,96,1,'2013-08-23 14:29:39','2021-05-16 21:49:29'),(98,51,25,4,'2018-02-03 22:53:02','2021-05-16 21:49:29'),(99,48,34,6,'2015-11-11 12:53:30','2021-05-16 21:49:29'),(100,83,98,6,'2018-12-10 14:54:01','2021-05-16 21:49:29');
/*!40000 ALTER TABLE `orders_products` ENABLE KEYS */;
UNLOCK TABLES;

--
-- Table structure for table `products`
--

DROP TABLE IF EXISTS `products`;
/*!40101 SET @saved_cs_client     = @@character_set_client */;
/*!50503 SET character_set_client = utf8mb4 */;
CREATE TABLE `products` (
  `id` bigint unsigned NOT NULL AUTO_INCREMENT COMMENT '╨╕╨┤╨╡╨╜╤В╨╕╤Д╨╕╨║╨░╤В╨╛╤А ╤В╨╛╨▓╨░╤А╨░',
  `catalog_id` bigint unsigned NOT NULL COMMENT '╨╕╨┤╨╡╨╜╤В╨╕╤Д╨╕╨║╨░╤В╨╛╤А ╨║╨░╤В╨╡╨│╨╛╤А╨╕╨╕ ╤В╨╛╨▓╨░╤А╨░',
  `name` varchar(100) CHARACTER SET utf8mb4 COLLATE utf8mb4_unicode_ci NOT NULL COMMENT '╨╜╨░╨╕╨╝╨╡╨╜╨╛╨▓╨░╨╜╨╕╨╡ ╤В╨╛╨▓╨░╤А╨░',
  `desription` varchar(250) CHARACTER SET utf8mb4 COLLATE utf8mb4_unicode_ci NOT NULL COMMENT '╨╛╨┐╨╕╤Б╨░╨╜╨╕╨╡ ╤В╨╛╨▓╨░╤А╨░',
  `price` decimal(11,2) NOT NULL COMMENT '╤Ж╨╡╨╜╨░ ╤В╨╛╨▓╨░╤А╨░',
  `created_at` datetime DEFAULT CURRENT_TIMESTAMP COMMENT '╨Т╤А╨╡╨╝╤П ╤Б╨╛╨╖╨┤╨░╨╜╨╕╤П ╤Б╤В╤А╨╛╨║╨╕',
  `updated_at` datetime DEFAULT CURRENT_TIMESTAMP ON UPDATE CURRENT_TIMESTAMP COMMENT '╨Т╤А╨╡╨╝╤П ╨╛╨▒╨╜╨╛╨▓╨╗╨╡╨╜╨╕╤П ╤Б╤В╤А╨╛╨║╨╕',
  PRIMARY KEY (`id`),
  KEY `products_catalog_id_fk` (`catalog_id`),
  CONSTRAINT `products_catalog_id_fk` FOREIGN KEY (`catalog_id`) REFERENCES `catalogs` (`id`)
) ENGINE=InnoDB AUTO_INCREMENT=101 DEFAULT CHARSET=utf8mb4 COLLATE=utf8mb4_unicode_ci COMMENT='╨Ю╨┐╨╕╤Б╨░╨╜╨╕╨╡ ╤В╨╛╨▓╨░╤А╨╛╨▓';
/*!40101 SET character_set_client = @saved_cs_client */;

--
-- Dumping data for table `products`
--

LOCK TABLES `products` WRITE;
/*!40000 ALTER TABLE `products` DISABLE KEYS */;
INSERT INTO `products` VALUES (1,1,'Nam soluta dolorum est deleniti est.','Nihil nihil suscipit cupiditate autem a voluptas. Quidem aut quidem ea. Soluta temporibus non aspernatur nisi consectetur sint.',1000.00,'2013-06-26 12:26:16','2021-05-17 16:58:08'),(2,2,'Dolorem ratione autem consequatur blanditiis aut id.','Accusamus odit praesentium modi enim minus. Corporis cum fugit aut officia veniam. Et eos ea aut maxime facilis et. Sunt ut recusandae eum est vel.',2217.00,'2021-04-07 15:01:56','2021-05-17 16:55:11'),(3,3,'Voluptatem adipisci et excepturi nihil aut est natus.','Rerum reprehenderit deleniti amet sed in voluptatem. Nostrum sapiente qui nihil ipsam. Perferendis dolores non consequatur labore molestiae mollitia deserunt sapiente.',4900.00,'2016-01-27 18:21:01','2021-05-17 16:55:11'),(4,4,'Hic in dolorem aut soluta.','Maxime voluptatem quia dolorum ut ut. Et sed dolores hic excepturi autem et odit. Sed ad in praesentium. Voluptas eos autem occaecati sint excepturi aliquam rerum.',7749.00,'2016-05-16 01:50:00','2021-05-17 16:55:11'),(5,5,'Aperiam doloribus sed consequatur ipsa sed.','Dolores consequatur ut rerum molestiae magnam. Eius dolor ut porro cum.',3946.00,'2017-06-03 00:56:29','2021-05-17 16:55:11'),(6,1,'Id quasi rerum nobis aliquam explicabo libero sed.','Sint consequuntur non ipsam nulla. Minus in earum nam corporis. Et voluptatem voluptates quaerat tempore qui maxime est.',6383.00,'2012-04-26 14:05:37','2021-05-17 16:55:11'),(7,2,'Possimus aperiam harum rerum nobis consequuntur voluptate non consectetur.','Corrupti et voluptatibus delectus officiis. Et numquam est sed. Libero velit culpa eveniet est velit et. Quibusdam deserunt labore quis et.',9977.00,'2016-03-31 10:54:32','2021-05-17 16:55:11'),(8,3,'Corrupti facere fugit autem recusandae sunt.','Corporis est doloremque veritatis et ut quaerat quis facilis. Pariatur rerum expedita dolores consequatur voluptatum quasi saepe. Voluptatem vel enim ratione est.',635.00,'2017-02-08 04:29:36','2021-05-17 16:55:11'),(9,4,'Ea tempora suscipit ea eum sapiente veritatis.','Exercitationem ea omnis illum in nulla quisquam. Quod eius possimus delectus eos voluptate.',3147.00,'2016-01-28 08:42:04','2021-05-17 16:55:11'),(10,5,'Consectetur aut sit enim dolores aperiam voluptatibus.','Omnis quis fuga quia ut. Et tempore expedita ut inventore accusamus excepturi esse. Qui nostrum cum corrupti vitae quasi. Tenetur qui cumque repudiandae sit.',3728.00,'2014-09-18 14:36:26','2021-05-17 16:55:11'),(11,1,'Et distinctio consequuntur voluptas quidem.','Sunt atque iusto sit non. Ut non est aliquid. Harum repellendus est ut quia.',1000.00,'2018-11-08 21:07:10','2021-05-17 16:58:08'),(12,2,'Suscipit ut culpa cupiditate commodi placeat.','Quia atque eius quo saepe modi molestiae magni. Pariatur quisquam architecto voluptatibus ea expedita. Aut ex aspernatur quo quis tenetur ullam quasi. Qui ipsam veniam sapiente.',1000.00,'2012-03-15 10:45:56','2021-05-17 16:58:08'),(13,3,'Amet dolores ut qui laudantium.','Dignissimos saepe veniam et officia nulla in velit. Nobis quos exercitationem eos praesentium similique velit enim. Aut nulla nemo et pariatur aliquam laudantium.',1000.00,'2015-02-11 12:55:22','2021-05-17 16:58:08'),(14,4,'Adipisci occaecati repellat eos eos rem qui.','Labore vitae libero rem iusto. Quod quibusdam sequi voluptas at reprehenderit est cum. Nostrum mollitia rerum ducimus unde ut.',9102.00,'2016-08-29 15:18:46','2021-05-17 16:55:11'),(15,5,'Atque facilis eum impedit.','Necessitatibus rerum voluptatem porro distinctio sint aliquam. Sit aliquid ut voluptatum sunt saepe at praesentium. Aperiam veritatis est ullam accusantium libero iste hic veritatis.',1000.00,'2016-09-29 00:17:08','2021-05-17 16:58:08'),(16,1,'A a qui ea unde.','Sint autem dolorum dolor at non. Est sint minus quidem quas ut enim ea. Rem autem dolorem ut officiis.',1000.00,'2019-12-04 15:05:53','2021-05-17 16:58:08'),(17,2,'Molestias repellendus consequatur nihil consequatur dolores est.','Expedita accusamus itaque illum pariatur atque sunt aperiam. Harum sint non perferendis quos. Ipsum iste quod quia nesciunt ducimus.',4225.00,'2011-09-07 07:21:57','2021-05-17 16:55:11'),(18,3,'Et et et aut neque deleniti.','Et laudantium consectetur expedita ipsum. Consequatur tempore maiores repellat sed facilis voluptates. Est qui est dignissimos quam.',3721.00,'2013-07-03 02:31:30','2021-05-17 16:55:11'),(19,4,'Mollitia sint qui aliquid qui repellendus fugit tempora.','Eaque aut fugit qui unde fugit. Quo deleniti quo magnam velit. In alias id similique consequatur. Temporibus quas sed et vero totam.',1000.00,'2020-07-29 11:19:13','2021-05-17 16:58:08'),(20,5,'Dolor consequatur magnam aspernatur explicabo temporibus exercitationem facilis.','Aliquam deleniti omnis aut deleniti saepe aut. Deserunt sit eos et impedit illum consequuntur.',5828.00,'2020-07-14 05:35:19','2021-05-17 16:55:11'),(21,1,'Aliquid ducimus expedita asperiores debitis.','Iste autem asperiores at est quod. Quis quis maiores neque labore eaque eius. Ea odio ipsa laudantium non aut nisi qui. Fugiat neque autem non in nihil alias at deserunt.',1000.00,'2012-02-19 14:36:27','2021-05-17 16:58:08'),(22,2,'Voluptatem omnis voluptatem in eius assumenda quia.','Voluptatem enim ipsum rerum aut sapiente esse. Voluptatem tenetur ut fuga et. Dignissimos qui tempora quia eum sit beatae id. Sed voluptatem sint aspernatur aut.',7880.00,'2017-01-17 01:11:37','2021-05-17 16:55:11'),(23,3,'Quasi ratione eaque provident incidunt et.','Recusandae possimus eaque assumenda. Architecto ab exercitationem veniam cupiditate saepe placeat. Molestiae omnis rerum et. Sapiente praesentium facere iste suscipit quis quasi at.',1000.00,'2016-10-08 00:51:22','2021-05-17 16:58:08'),(24,4,'Impedit at nobis eum quae velit dignissimos quis.','Recusandae ut quam sed quidem natus. Quae quia veritatis ullam quas unde qui. Sunt et eligendi voluptatibus ea id odio. Sit nihil sequi et alias reprehenderit quibusdam eius sint.',1000.00,'2017-09-22 08:24:57','2021-05-17 16:58:08'),(25,5,'Sint nisi minima architecto sed itaque quam asperiores repellendus.','Sit amet odio earum pariatur consectetur assumenda. Tenetur nisi veniam id aperiam qui. Similique et possimus id eum. Quis et tempora repudiandae illum ut quia.',1814.00,'2012-10-30 19:28:47','2021-05-17 16:55:11'),(26,1,'Illum similique ut ullam dolores quo et cum.','Minima ipsa quos quibusdam. Vel iusto exercitationem eaque sequi sint aut distinctio sed. Inventore voluptatum deleniti illo qui explicabo quibusdam.',5332.00,'2012-07-12 10:39:26','2021-05-17 16:55:11'),(27,2,'Earum et provident suscipit eveniet quo rerum odit.','Voluptas molestiae aut mollitia. Libero ad fugit porro aut voluptas sed fugit mollitia. Iste ea voluptatem cum cumque quia aut. Itaque animi quam soluta ipsa suscipit amet excepturi. Consequatur qui nulla et animi sapiente ut.',2500.00,'2018-05-11 02:42:25','2021-05-17 16:58:08'),(28,3,'Nam animi est eveniet omnis ad sit ea.','Qui fugit consequuntur sunt quaerat libero dolor repudiandae. Ea voluptatem alias consequatur quia assumenda facilis. Vel ducimus nisi et quo voluptates.',1118.00,'2014-11-12 19:17:36','2021-05-17 16:55:11'),(29,4,'Nisi sapiente aut repellendus omnis alias vel.','Et iste quas voluptate accusamus rem minus aut nam. Quam asperiores et corporis eius vel rerum sit. Facilis consequatur reprehenderit molestias rerum qui.',9495.00,'2013-11-07 01:54:50','2021-05-17 16:55:11'),(30,5,'Fugiat nihil voluptate non et fuga cum.','Et enim non voluptas et. Quo commodi porro voluptatem quae. Necessitatibus itaque aut commodi dolor nisi.',2500.00,'2014-04-18 12:35:32','2021-05-17 16:58:08'),(31,1,'Atque repudiandae recusandae facere molestiae nihil dolores.','Ipsum quia dolores ut eos est est repellat voluptatem. Rem molestias libero ipsa sunt omnis qui. Maxime corporis sunt iure dignissimos consectetur nihil temporibus quas.',4023.00,'2011-12-25 16:53:16','2021-05-17 16:55:11'),(32,2,'Tempore repudiandae molestiae autem ut adipisci illum maxime qui.','Dolorem tempore fugit dolor fuga. Qui animi eos maxime voluptas dolore minima reprehenderit iste. Minima veritatis temporibus nobis quas ut. Et nihil ipsa totam consequatur.',1531.00,'2016-10-20 16:07:34','2021-05-17 16:55:11'),(33,3,'Non ullam distinctio molestiae adipisci doloremque.','Harum commodi pariatur libero non quis cum sed. Voluptatem assumenda dolores nobis nesciunt velit nostrum et. Laudantium numquam voluptatem eos est ut repellat quisquam est. Architecto sit saepe temporibus odio.',5485.00,'2012-07-13 20:36:57','2021-05-17 16:55:11'),(34,4,'In ex dolor voluptatibus quo voluptatem.','Impedit nam qui odit nobis sed distinctio magni. Ipsam assumenda voluptatem et repudiandae. Sunt adipisci sunt quis.',2732.00,'2012-12-09 06:41:45','2021-05-17 16:55:11'),(35,5,'Aut in voluptatibus ea eum repudiandae sed quas.','Accusantium dignissimos ut est est ut. Doloribus et ipsam harum quos omnis.',7105.00,'2016-10-04 02:16:07','2021-05-17 16:55:11'),(36,1,'Sed molestiae placeat beatae enim delectus.','Sint error molestiae cumque sit voluptatem. Nam ut fugit molestias occaecati consequatur nihil quod animi. Vel officia alias eum dicta iste reprehenderit.',7232.00,'2020-02-10 01:19:36','2021-05-17 16:55:11'),(37,2,'Incidunt perspiciatis officiis quia quis.','Magni praesentium sit nihil repellendus. Nam quos autem nostrum id laboriosam libero autem iste. Omnis tempora sed eaque voluptatibus iusto.',3265.00,'2018-07-30 16:17:11','2021-05-17 16:58:08'),(38,3,'Libero molestiae labore et dolores voluptatibus et.','Non quibusdam quaerat harum incidunt ullam rem vel delectus. Asperiores sed libero ipsa.',4743.00,'2011-11-03 20:46:11','2021-05-17 16:55:11'),(39,4,'Reiciendis impedit quidem est sed repudiandae.','Quas aliquam est ab suscipit fugiat ipsum. Quam sequi molestiae eum iusto dolor aut. Enim ratione quos odio adipisci ea asperiores eligendi.',1920.00,'2011-09-10 23:58:58','2021-05-17 16:55:11'),(40,5,'Provident voluptatem earum voluptatem voluptatibus harum tenetur laborum.','Quaerat dolor deleniti aut dolorem. Harum minima dolorum blanditiis. Aspernatur consequuntur deleniti omnis cumque perferendis cum dolore. Corporis dolor adipisci iste voluptas commodi modi.',5273.00,'2021-03-05 15:28:16','2021-05-17 16:55:11'),(41,1,'Tempore maxime libero voluptatem velit id cum.','Labore vel quos suscipit ipsum quaerat optio. Dolor optio cum odit ut adipisci veritatis exercitationem culpa.',1450.00,'2018-01-30 22:19:27','2021-05-17 16:58:08'),(42,2,'Ut deserunt aut enim voluptatem laudantium qui.','Quis sed dolorem earum totam sed vel. Dolorem commodi fuga sint accusantium. Sed sit et atque possimus.',503.00,'2011-06-11 18:51:56','2021-05-17 16:55:11'),(43,3,'Voluptatem corporis quisquam impedit ut quasi necessitatibus quia.','Voluptatem eius iusto et harum cum placeat atque quia. Incidunt labore et libero aut autem. Illo officia hic doloremque et nihil adipisci.',5213.00,'2015-08-24 11:52:44','2021-05-17 16:58:08'),(44,4,'Qui autem quisquam in mollitia et alias.','Dolorum eius necessitatibus est in. Facilis eius nam fugit ad laudantium. Placeat vel tempora maiores sequi quasi. Sed explicabo aperiam asperiores eveniet ut. Numquam inventore sint hic laborum eaque tenetur.',6596.00,'2013-07-01 00:35:09','2021-05-17 16:55:11'),(45,5,'Officia et inventore et nam.','Rerum illum eligendi atque perferendis. Aliquid repellendus optio id voluptate. At quia nesciunt reprehenderit.',1374.00,'2020-12-27 15:04:46','2021-05-17 16:55:11'),(46,1,'Voluptatum ut laborum placeat quisquam ut nulla ducimus.','Fugiat deleniti tenetur error ducimus ut deserunt adipisci ut. Maxime sint nostrum reiciendis pariatur et et saepe. Ut alias officia laudantium minima.',6983.00,'2011-07-14 09:02:11','2021-05-17 16:55:11'),(47,2,'Magnam unde aut rerum ipsa.','Tenetur in sequi omnis consequatur. Distinctio perspiciatis sequi neque est eos ex. Maiores accusantium quis est maiores vel exercitationem.',1652.00,'2020-09-23 00:31:00','2021-05-17 16:58:08'),(48,3,'Cum ea libero recusandae explicabo consectetur sed.','Rerum voluptas et voluptas assumenda sit corrupti cupiditate. Distinctio voluptas est atque iste cum quia. Rerum maxime voluptatem velit voluptatibus ut. Quod earum assumenda voluptas quia veniam recusandae facilis.',694.00,'2012-05-15 13:31:29','2021-05-17 16:55:11'),(49,4,'Perferendis nesciunt accusantium nihil vero repudiandae nihil.','Consequuntur reprehenderit aperiam dolore eligendi. Quidem rerum doloremque harum nemo nemo perferendis et. Est maxime et consectetur eos nisi totam ipsam debitis. Perferendis suscipit quia ea aut repellendus totam voluptatum.',2421.00,'2017-04-09 16:04:26','2021-05-17 16:55:11'),(50,5,'Molestiae repellendus nemo cumque id iure.','Et molestiae eum non quasi explicabo et dolor. Velit dolor qui quia non unde. Provident in ipsam amet facere. Dolorem iusto odit ipsa consequatur eaque.',5236.00,'2020-03-10 04:15:45','2021-05-17 16:58:08'),(51,1,'Facilis consectetur eum quia ratione culpa reprehenderit enim voluptas.','Expedita amet debitis temporibus natus. Sed minima eaque sit ut modi vitae nulla. Impedit magni quaerat modi beatae. Incidunt odio nobis mollitia rerum quisquam molestiae dolore autem.',9921.00,'2013-10-27 17:16:49','2021-05-17 16:55:11'),(52,2,'Unde hic nihil blanditiis tempore cupiditate natus.','Omnis et quisquam non nulla dolores ad consequatur. Qui itaque eveniet non aut. Autem deleniti voluptates eaque voluptatem.',2244.00,'2011-12-12 02:01:48','2021-05-17 16:55:11'),(53,3,'Repellendus culpa maiores enim voluptatibus iste exercitationem culpa amet.','Voluptate quibusdam mollitia blanditiis repellat. Non fugiat laudantium debitis maiores cum possimus id. Dolorum dolorum assumenda quo modi. In deserunt iusto qui voluptatem voluptas fugiat recusandae.',1358.00,'2012-05-08 07:27:10','2021-05-17 16:55:11'),(54,4,'Eos iste necessitatibus tenetur molestias in praesentium voluptate iure.','Dignissimos delectus ducimus est quia dolorum quo est voluptatem. Soluta aut iure et pariatur sed exercitationem. Aut pariatur eligendi aut sint alias.',9959.00,'2018-10-08 00:42:16','2021-05-17 16:55:11'),(55,5,'Sapiente optio quo eos architecto.','Est dicta sed eos fuga nostrum et fugiat. Aliquid sint sapiente nobis velit aliquid. Veritatis saepe aliquid provident est error. Quia optio sed quibusdam earum.',1365.00,'2011-07-14 12:35:25','2021-05-17 16:58:08'),(56,1,'Vitae ducimus distinctio sequi nesciunt aperiam vitae qui.','Dignissimos tempora alias omnis optio beatae. Minus necessitatibus ex ut quae molestiae velit accusantium. Vel nesciunt numquam minus animi sed iusto.',5619.00,'2016-03-10 02:06:22','2021-05-17 16:55:11'),(57,2,'Dolor aut corrupti voluptates.','Corporis omnis saepe fugit perspiciatis velit. Quis sed est sunt maxime. Est neque non corrupti in. Voluptates totam debitis quis labore illo cum nesciunt.',8119.00,'2012-03-12 02:26:13','2021-05-17 16:55:11'),(58,3,'Quasi architecto aspernatur est enim eveniet sed.','Deleniti dolores possimus doloribus quia aut et. Sit cupiditate assumenda nulla ratione. Ut distinctio maiores corporis.',3639.00,'2020-02-12 07:09:32','2021-05-17 16:55:11'),(59,4,'Numquam reiciendis id totam consequatur.','Quis temporibus et delectus dolor aut. Itaque quam voluptatem facere atque labore quis. Ea eveniet unde quis voluptas eius officia quae adipisci. Eaque amet nemo dolores laudantium molestias quasi. Ut et sapiente perspiciatis voluptatem fuga.',3738.00,'2016-07-16 18:31:35','2021-05-17 16:55:11'),(60,5,'Dolores et aut ratione et quasi itaque aut.','Ut quia consequatur laborum. Repellendus ullam porro id ut vitae accusantium. Aut dolore non eum mollitia. Qui omnis voluptas ut illo. Voluptatum odit ipsa libero tenetur distinctio.',7674.00,'2014-05-02 18:53:44','2021-05-17 16:55:11'),(61,1,'Vitae blanditiis sequi et.','Illum quos nihil et error est. Autem quia fugiat sed minus. Architecto ex consectetur ut. Libero ipsum reiciendis nulla omnis porro beatae nihil.',7057.00,'2012-03-25 14:34:15','2021-05-17 16:55:11'),(62,2,'Labore aperiam nemo aperiam enim nihil beatae.','Aperiam ducimus dolorem neque sequi explicabo. Cum accusamus rerum consequatur. Unde rem nobis et consequatur ut ab. Reprehenderit nihil vel ipsum incidunt.',2162.00,'2013-02-19 18:36:36','2021-05-17 16:55:11'),(63,3,'Necessitatibus sint quae facere.','Voluptatem quae et suscipit alias tempore non dolore. Odit provident magni veritatis praesentium sed. Corrupti dignissimos libero adipisci cum velit vel.',5000.00,'2015-03-27 04:24:10','2021-05-17 16:58:08'),(64,4,'Impedit et hic laborum.','Eos ut nulla cumque consequatur. Et temporibus architecto quos provident cumque. Sit eos id minima.',9538.00,'2021-04-15 00:03:49','2021-05-17 16:55:11'),(65,5,'Soluta quasi id officia aspernatur praesentium.','Eligendi iure officia earum et qui tempore incidunt labore. Ut non rerum earum accusamus aut laudantium sint. Sed magnam quis neque nihil voluptate perspiciatis. Adipisci et aut debitis facilis ut.',1107.00,'2019-01-06 02:16:23','2021-05-17 16:55:11'),(66,1,'Enim quia dicta sit neque eum a.','Voluptatem officiis nostrum ratione ut quas consequatur adipisci. Sequi aut et nam sit temporibus. Incidunt distinctio accusamus omnis minima possimus consequatur.',6820.00,'2019-10-19 20:19:30','2021-05-17 16:55:11'),(67,2,'Aut maiores aliquam saepe non.','Odio sed ratione cupiditate sequi ex quidem totam. Tempore facere ut maiores rerum et. Eos esse est et natus.',1250.00,'2020-05-29 23:04:17','2021-05-17 16:58:08'),(68,3,'Voluptas est deserunt facere sint reprehenderit nihil omnis.','Voluptatem itaque sunt repellat. Molestias unde et et quo. Fuga deleniti consequatur quia nihil cupiditate magni. Possimus esse deleniti deserunt dolores autem harum.',678.00,'2014-07-15 23:38:10','2021-05-17 16:55:11'),(69,4,'Id dolor tempore ea qui ut.','Veniam cumque ut error illum cumque ea et. Eos voluptas beatae rerum aliquam quibusdam. Est officia dolorem quisquam incidunt eaque nobis.',3625.00,'2011-07-09 11:06:10','2021-05-17 16:58:08'),(70,5,'Est architecto sed nostrum quisquam occaecati.','Aut impedit aut et. Suscipit mollitia dolor ipsam molestias omnis aspernatur assumenda. Libero a est consequuntur voluptates delectus est iusto. Reprehenderit amet id repellendus aperiam. Quisquam occaecati vel sint in.',2833.00,'2017-06-24 02:44:01','2021-05-17 16:55:11'),(71,1,'Iure saepe excepturi et animi sit eum sed.','Nam non minus maxime laborum cum. Libero deleniti cupiditate accusamus velit. Doloremque ut nihil nisi est itaque.',2654.00,'2015-09-04 20:41:11','2021-05-17 16:58:08'),(72,2,'Tempore eos repellendus at ratione possimus.','Voluptas qui maiores suscipit quo at voluptatem. Rerum nihil natus tempora praesentium impedit vero.',2364.00,'2013-02-20 14:18:49','2021-05-17 16:58:08'),(73,3,'Dolore id assumenda sint architecto.','Qui id et nam esse blanditiis tempora omnis. Doloremque cumque sunt reiciendis itaque tempora aliquid. Sed quas et veritatis doloremque dolores reprehenderit. Libero laboriosam vero ratione ad quas.',2032.00,'2019-08-21 16:48:02','2021-05-17 16:55:11'),(74,4,'Nostrum et nemo veritatis quibusdam et.','Sequi sit placeat distinctio laboriosam consequatur quia voluptatem. Eligendi repellendus officiis repellendus dolorem dolorem consequuntur consequuntur. Ea provident mollitia consectetur et officia harum labore.',1562.00,'2011-09-14 10:02:50','2021-05-17 16:55:11'),(75,5,'Consequatur aliquam sed rerum dolorum ad sed vitae eveniet.','Et delectus reiciendis perferendis illum. In tempora atque eligendi repellat veniam omnis. Sit quas at quod odio aut.',1614.00,'2018-09-12 07:00:49','2021-05-17 16:55:11'),(76,1,'Id est fugiat sit sit velit.','Fuga qui in officiis omnis dolore doloremque. Adipisci a ut temporibus eum placeat. Id velit odio aperiam ipsa.',1252.00,'2020-11-10 21:38:23','2021-05-17 16:58:08'),(77,2,'Blanditiis corrupti consequuntur vitae quia sunt.','Labore ab ut natus pariatur placeat. Corporis doloremque dolore illum. Ipsum quod quia hic iste. Culpa hic tempora aperiam voluptatibus.',3658.00,'2013-01-16 21:37:37','2021-05-17 16:58:08'),(78,3,'Blanditiis nesciunt cumque perspiciatis sapiente.','Doloremque reprehenderit tenetur consequatur enim. Sequi rerum illo quae saepe.',3286.00,'2015-11-13 00:49:06','2021-05-17 16:55:11'),(79,4,'At ut eveniet et rerum adipisci et eum.','Cumque aut iure id dignissimos. Eum et iste eos. Nemo ea quidem modi perspiciatis.',654.00,'2019-08-09 17:30:14','2021-05-17 16:58:08'),(80,5,'Exercitationem non vero aut voluptatum.','Nihil iure deserunt est dolorem. Officiis aut vitae incidunt maxime atque temporibus pariatur. Eius ut voluptatem repellat dolorem consequatur dolorem. Odio aperiam excepturi sequi iste eum voluptatibus nulla.',1486.00,'2014-10-30 22:36:10','2021-05-17 16:55:11'),(81,1,'Deserunt maxime ut et ab libero facere mollitia.','Beatae delectus soluta beatae qui suscipit. Numquam a esse ipsa in quia quia. Sit et et sit. Totam quia autem suscipit repellat qui illo. Ut blanditiis vero molestiae autem ducimus eum et expedita.',6521.00,'2019-06-09 00:09:48','2021-05-17 16:58:08'),(82,2,'Non voluptates minima quo sit.','Tempore quo labore et nihil non voluptas aut. Iure exercitationem dolores et qui earum. Facere neque quos architecto.',316.00,'2019-11-06 08:06:29','2021-05-17 16:58:08'),(83,3,'Ea ullam accusantium cupiditate soluta quia atque.','Quam quisquam sed quisquam tenetur. Delectus voluptatem aut quo a labore quo quidem rerum. Et rem labore hic fugiat consequuntur incidunt aut qui. Labore ea sed est totam temporibus.',7475.00,'2013-01-10 11:22:38','2021-05-17 16:55:11'),(84,4,'Quia temporibus praesentium excepturi asperiores similique nihil molestias.','Eum ullam nesciunt velit perferendis. Quis sunt ut nostrum provident et vel. Voluptas accusamus consequatur non inventore consequuntur laudantium soluta.',1606.00,'2013-07-13 05:27:08','2021-05-17 16:58:08'),(85,5,'Asperiores vero perferendis delectus velit libero.','Eaque aut dolorum doloribus nemo animi est. Voluptas maiores aliquam enim provident quas. At ipsam dolorem voluptatem.',2815.00,'2013-05-03 19:35:06','2021-05-17 16:55:11'),(86,1,'Voluptas non odit dolor velit.','In molestiae est accusantium quam praesentium autem esse. Qui sequi nam autem incidunt est ea repellendus. Ipsam expedita voluptas ullam velit praesentium enim itaque. Omnis beatae et molestiae repudiandae consequuntur aut.',1551.00,'2019-09-11 14:37:07','2021-05-17 16:55:11'),(87,2,'Dolor explicabo aut aut quis.','Dolorem autem consequuntur quam tempore. Laborum voluptatem fugiat dolores. Esse officia saepe recusandae sint rem aperiam totam.',2869.00,'2019-07-08 19:40:20','2021-05-17 16:58:08'),(88,3,'Sapiente maiores suscipit cupiditate.','Aut magni ad a vero ad similique et. Veritatis reiciendis unde officia et voluptate et autem. Fugit quae est animi molestiae facilis deserunt esse. Earum tempora ipsum ex.',9212.00,'2015-12-07 04:40:16','2021-05-17 16:55:11'),(89,4,'Et dolores excepturi sint in.','Enim ut qui ea natus eos iste illum aut. A dolor eligendi placeat illum qui quod cupiditate est. Delectus beatae magni quia deserunt. Nemo molestiae tempora facilis dignissimos consequatur sunt placeat.',1307.00,'2021-04-18 21:43:22','2021-05-17 16:55:11'),(90,5,'Suscipit numquam sunt modi sit.','Id officiis tempora quia molestiae nesciunt ipsum. Deserunt velit enim maxime velit nisi explicabo. Modi maiores autem dolor occaecati. Veritatis nostrum voluptas quo doloremque dolor vitae repellendus pariatur.',8801.00,'2015-11-15 02:26:37','2021-05-17 16:55:11'),(91,1,'Officiis ut earum amet necessitatibus sunt quam voluptas.','Hic autem rerum corrupti debitis eveniet. Sunt doloribus asperiores culpa est. Doloremque recusandae numquam nihil. Sint id doloribus maiores sit atque aliquam.',9984.00,'2015-03-22 07:51:18','2021-05-17 16:55:11'),(92,2,'Deserunt dicta assumenda qui soluta voluptatum animi blanditiis voluptatem.','Omnis autem molestias reiciendis veritatis praesentium id. Ut quo labore et consequatur autem. Iusto est assumenda id omnis praesentium velit enim. Quo quaerat similique veniam aut mollitia et.',3418.00,'2013-10-12 09:59:08','2021-05-17 16:55:11'),(93,3,'Odit corporis enim et eum qui sequi debitis.','Velit occaecati quidem quisquam ratione voluptatem asperiores. Hic ut cum aut facere quam ab. Et qui perspiciatis in recusandae ducimus nulla.',7038.00,'2013-04-16 21:32:13','2021-05-17 16:55:11'),(94,4,'Enim quam voluptatem sit accusantium.','Sit et quas necessitatibus accusamus aut. Tenetur rerum facere veniam delectus.',4836.00,'2016-03-22 22:18:57','2021-05-17 16:55:11'),(95,5,'Officia aut corrupti harum temporibus hic dignissimos.','Aut ea fuga dolorem et dolor repellat. Qui quibusdam delectus sed illo dolores consectetur unde. Ut neque eaque iure dolorem ut esse. Numquam tempore ab odit nobis possimus amet.',2968.00,'2019-09-11 21:46:37','2021-05-17 16:55:11'),(96,1,'Beatae est vel cupiditate maxime inventore velit eos.','Maiores sit assumenda autem optio quam repellat error veniam. Dolorem quia quia maiores eligendi quibusdam. Possimus possimus rerum maiores perspiciatis ex et ipsum. Voluptas fugiat culpa sed vitae consequuntur numquam.',231.00,'2013-03-31 10:59:06','2021-05-17 16:55:11'),(97,2,'Possimus et omnis itaque minima eum.','Magni occaecati totam tempore sed. Assumenda iste qui ea qui veniam suscipit. Ipsam molestiae minus est non. Exercitationem dolor voluptates velit consequatur quaerat.',325.00,'2018-02-08 00:58:06','2021-05-17 16:58:08'),(98,3,'Omnis perferendis iste aspernatur tenetur.','Iste officia veniam excepturi ad dolor. Atque recusandae sapiente voluptates ea sunt.',2152.00,'2016-04-05 20:10:28','2021-05-17 16:55:11'),(99,4,'Similique maiores eos tenetur quas eius.','Dolorum minima sit et consequatur ex quasi et atque. Similique culpa vitae at quia sit officiis ipsa. Eveniet in enim hic quo esse suscipit temporibus. A impedit et sunt dolorem et. Impedit et et cumque dolorem excepturi explicabo error.',9966.00,'2019-12-20 07:33:33','2021-05-17 16:55:11'),(100,5,'Explicabo cum eaque laudantium voluptatem magnam.','Dignissimos ipsa quisquam aliquid autem molestiae magnam. Illum consequatur consectetur aut et dicta eveniet aliquid est. Ipsa voluptatem dolore voluptatibus aliquam eveniet. Recusandae eligendi sapiente qui tempora dicta consequuntur hic.',3276.00,'2016-09-05 10:10:05','2021-05-17 16:55:11');
/*!40000 ALTER TABLE `products` ENABLE KEYS */;
UNLOCK TABLES;

--
-- Table structure for table `sells_managers`
--

DROP TABLE IF EXISTS `sells_managers`;
/*!40101 SET @saved_cs_client     = @@character_set_client */;
/*!50503 SET character_set_client = utf8mb4 */;
CREATE TABLE `sells_managers` (
  `manager_id` bigint unsigned NOT NULL COMMENT '╨╕╨┤╨╡╨╜╤В╨╕╤Д╨╕╨║╨░╤В╨╛╤А ╨╝╨╡╨╜╨╡╨┤╨╢╨╡╤А╨░',
  `order_id` bigint unsigned NOT NULL COMMENT '╨╕╨┤╨╡╨╜╤В╨╕╤Д╨╕╨║╨░╤В╨╛╤А ╨╖╨░╨║╨░╨╖╨░',
  `created_at` datetime DEFAULT CURRENT_TIMESTAMP COMMENT '╨Т╤А╨╡╨╝╤П ╤Б╨╛╨╖╨┤╨░╨╜╨╕╤П ╤Б╤В╤А╨╛╨║╨╕',
  `updated_at` datetime DEFAULT CURRENT_TIMESTAMP ON UPDATE CURRENT_TIMESTAMP COMMENT '╨Т╤А╨╡╨╝╤П ╨╛╨▒╨╜╨╛╨▓╨╗╨╡╨╜╨╕╤П ╤Б╤В╤А╨╛╨║╨╕',
  KEY `sells_managers_manager_id_fk` (`manager_id`),
  KEY `sells_managers_order_id_fk` (`order_id`),
  CONSTRAINT `sells_managers_manager_id_fk` FOREIGN KEY (`manager_id`) REFERENCES `managers` (`id`),
  CONSTRAINT `sells_managers_order_id_fk` FOREIGN KEY (`order_id`) REFERENCES `orders` (`id`)
) ENGINE=InnoDB DEFAULT CHARSET=utf8mb4 COLLATE=utf8mb4_unicode_ci COMMENT='╨Я╤А╨╛╨┤╨░╨╢╨╕ ╨╝╨╡╨╜╨╡╨┤╨╢╨╡╤А╨░';
/*!40101 SET character_set_client = @saved_cs_client */;

--
-- Dumping data for table `sells_managers`
--

LOCK TABLES `sells_managers` WRITE;
/*!40000 ALTER TABLE `sells_managers` DISABLE KEYS */;
INSERT INTO `sells_managers` VALUES (1,26,'2016-09-27 23:02:00','2021-05-16 21:37:48'),(2,22,'2013-10-20 15:05:02','2021-05-16 21:37:48'),(3,35,'2014-02-02 14:34:13','2021-05-16 21:37:49'),(4,3,'2020-07-06 18:17:07','2021-05-16 21:37:48'),(5,4,'2014-10-19 03:16:36','2021-05-16 21:37:48'),(6,11,'2015-07-05 14:22:07','2021-05-16 21:37:48'),(7,28,'2013-01-13 14:32:33','2021-05-16 21:37:48'),(8,52,'2018-01-16 04:38:27','2021-05-16 21:37:49'),(9,31,'2013-11-07 17:38:58','2021-05-16 21:37:49'),(10,37,'2012-08-24 02:41:22','2021-05-16 21:37:49'),(1,86,'2016-10-27 13:33:27','2021-05-16 21:37:49'),(2,5,'2014-01-06 19:04:48','2021-05-16 21:37:48'),(3,71,'2013-10-28 04:08:49','2021-05-16 21:37:49'),(4,23,'2015-03-24 11:34:19','2021-05-16 21:37:48'),(5,54,'2016-12-14 00:19:31','2021-05-16 21:37:49'),(6,60,'2013-01-24 15:17:23','2021-05-16 21:37:49'),(7,32,'2014-04-30 03:53:24','2021-05-16 21:37:49'),(8,12,'2016-02-01 16:23:49','2021-05-16 21:23:31'),(9,50,'2014-04-26 17:39:18','2021-05-16 21:37:49'),(10,6,'2020-11-23 09:32:45','2021-05-16 21:23:31'),(1,84,'2012-03-16 22:20:35','2021-05-16 21:37:49'),(2,1,'2011-08-23 05:15:28','2021-05-16 21:37:48'),(3,58,'2016-07-20 18:15:59','2021-05-16 21:37:49'),(4,75,'2015-07-13 10:08:26','2021-05-16 21:23:31'),(5,8,'2017-11-22 10:54:25','2021-05-16 21:23:31'),(6,13,'2013-02-03 08:28:33','2021-05-16 21:37:48'),(7,44,'2013-08-04 17:02:04','2021-05-16 21:37:49'),(8,83,'2020-02-28 21:47:14','2021-05-16 21:37:49'),(9,78,'2011-12-26 13:23:47','2021-05-16 21:37:49'),(10,48,'2020-01-28 04:38:30','2021-05-16 21:37:49'),(1,99,'2019-11-21 05:05:53','2021-05-16 21:37:49'),(2,47,'2017-01-17 00:40:50','2021-05-16 21:37:49'),(3,38,'2019-01-30 22:59:49','2021-05-16 21:37:49'),(4,59,'2015-02-20 02:34:08','2021-05-16 21:37:49'),(5,69,'2014-08-15 20:50:19','2021-05-16 21:37:49'),(6,70,'2015-01-01 15:12:53','2021-05-16 21:37:49'),(7,33,'2012-05-10 21:03:32','2021-05-16 21:37:49'),(8,79,'2015-06-18 23:16:04','2021-05-16 21:23:31'),(9,87,'2019-10-31 00:19:18','2021-05-16 21:37:49'),(10,93,'2015-03-22 07:34:49','2021-05-16 21:37:49'),(1,7,'2019-01-17 06:43:13','2021-05-16 21:28:04'),(2,49,'2013-07-14 19:57:43','2021-05-16 21:37:49'),(3,17,'2017-10-12 21:57:11','2021-05-16 21:37:48'),(4,66,'2019-12-28 00:19:48','2021-05-16 21:37:49'),(5,55,'2014-10-19 10:14:25','2021-05-16 21:37:49'),(6,72,'2016-09-18 17:19:23','2021-05-16 21:37:49'),(7,91,'2014-01-21 17:21:06','2021-05-16 21:37:49'),(8,42,'2015-05-30 22:07:57','2021-05-16 21:37:49'),(9,45,'2016-03-18 16:16:13','2021-05-16 21:23:31'),(10,98,'2013-03-04 02:22:44','2021-05-16 21:37:49'),(1,51,'2020-11-14 16:28:56','2021-05-16 21:37:49'),(2,56,'2011-11-12 08:55:40','2021-05-16 21:37:49'),(3,15,'2020-03-25 07:48:52','2021-05-16 21:23:31'),(4,16,'2015-12-22 23:13:37','2021-05-16 21:23:31'),(5,29,'2015-09-26 05:37:36','2021-05-16 21:37:48'),(6,25,'2019-06-18 06:03:20','2021-05-16 21:37:48'),(7,61,'2016-08-23 13:05:26','2021-05-16 21:37:49'),(8,92,'2013-09-25 08:46:01','2021-05-16 21:37:49'),(9,80,'2014-09-16 19:28:19','2021-05-16 21:23:31'),(10,21,'2020-06-01 18:36:42','2021-05-16 21:37:48'),(1,96,'2014-12-24 16:27:07','2021-05-16 21:37:49'),(2,94,'2012-08-21 06:03:41','2021-05-16 21:37:49'),(3,81,'2019-03-14 23:44:33','2021-05-16 21:37:49'),(4,18,'2012-04-16 13:33:06','2021-05-16 21:37:48'),(5,73,'2020-10-13 10:38:33','2021-05-16 21:37:49'),(6,85,'2013-06-15 11:26:19','2021-05-16 21:37:49'),(7,9,'2013-04-08 09:18:53','2021-05-16 21:23:31'),(8,95,'2018-08-09 11:12:02','2021-05-16 21:37:49'),(9,36,'2020-12-15 05:41:48','2021-05-16 21:37:49'),(10,10,'2014-02-20 14:37:06','2021-05-16 21:37:48'),(1,24,'2012-09-29 16:42:50','2021-05-16 21:37:48'),(2,30,'2017-04-15 05:51:17','2021-05-16 21:37:48'),(3,82,'2012-07-08 01:16:38','2021-05-16 21:37:49'),(4,97,'2015-01-06 15:46:36','2021-05-16 21:37:49'),(5,27,'2018-08-17 16:16:51','2021-05-16 21:37:48'),(6,89,'2018-07-13 00:06:28','2021-05-16 21:23:31'),(7,41,'2017-11-27 18:19:14','2021-05-16 21:37:49'),(8,39,'2012-04-25 08:20:39','2021-05-16 21:37:49'),(9,76,'2020-06-28 15:46:48','2021-05-16 21:23:31'),(10,62,'2017-05-20 11:06:22','2021-05-16 21:37:49'),(1,74,'2015-04-22 12:05:55','2021-05-16 21:23:31'),(2,90,'2017-09-18 07:35:04','2021-05-16 21:37:49'),(3,19,'2016-05-04 04:00:57','2021-05-16 21:37:48'),(4,53,'2018-05-09 10:33:54','2021-05-16 21:37:49'),(5,77,'2019-08-11 00:01:11','2021-05-16 21:23:31'),(6,34,'2021-04-13 10:51:14','2021-05-16 21:37:49'),(7,57,'2012-07-02 01:13:05','2021-05-16 21:37:49'),(8,64,'2018-10-26 14:44:33','2021-05-16 21:37:49'),(9,46,'2020-12-30 00:59:10','2021-05-16 21:37:49'),(10,40,'2012-02-21 21:19:03','2021-05-16 21:23:31'),(1,67,'2011-07-23 04:52:24','2021-05-16 21:37:49'),(2,100,'2019-08-12 10:20:09','2021-05-16 21:37:49'),(3,2,'2012-10-09 22:05:25','2021-05-16 21:23:31'),(4,14,'2011-10-10 12:00:35','2021-05-16 21:23:31'),(5,63,'2018-07-21 02:10:28','2021-05-16 21:37:49'),(6,68,'2014-01-08 11:02:57','2021-05-16 21:37:49'),(7,43,'2013-11-30 08:37:01','2021-05-16 21:37:49'),(8,20,'2019-03-19 14:13:05','2021-05-16 21:37:48'),(9,88,'2012-10-02 18:43:35','2021-05-16 21:37:49'),(10,65,'2018-02-02 17:45:41','2021-05-16 21:37:49');
/*!40000 ALTER TABLE `sells_managers` ENABLE KEYS */;
UNLOCK TABLES;

--
-- Table structure for table `storehouses`
--

DROP TABLE IF EXISTS `storehouses`;
/*!40101 SET @saved_cs_client     = @@character_set_client */;
/*!50503 SET character_set_client = utf8mb4 */;
CREATE TABLE `storehouses` (
  `id` bigint unsigned NOT NULL AUTO_INCREMENT COMMENT 'идентификатор склада',
  `name` varchar(100) NOT NULL COMMENT 'наименование склада',
  `created_at` datetime DEFAULT CURRENT_TIMESTAMP COMMENT 'Время создания строки',
  `updated_at` datetime DEFAULT CURRENT_TIMESTAMP ON UPDATE CURRENT_TIMESTAMP COMMENT 'Время обновления строки',
  PRIMARY KEY (`id`),
  UNIQUE KEY `id` (`id`)
) ENGINE=InnoDB AUTO_INCREMENT=6 DEFAULT CHARSET=utf8mb4 COLLATE=utf8mb4_0900_ai_ci COMMENT='Список складов';
/*!40101 SET character_set_client = @saved_cs_client */;

--
-- Dumping data for table `storehouses`
--

LOCK TABLES `storehouses` WRITE;
/*!40000 ALTER TABLE `storehouses` DISABLE KEYS */;
INSERT INTO `storehouses` VALUES (1,'Отрадное','2011-12-01 22:17:00','2016-04-20 13:49:55'),(2,'Биберево','2012-08-30 14:06:32','2015-08-08 01:13:52'),(3,'Сходня','2013-02-08 02:55:06','2019-09-05 23:55:14'),(4,'Капотня','2011-11-23 01:41:32','2019-09-05 23:55:14'),(5,'Лобня','2012-08-20 07:19:23','2016-10-09 04:58:20');
/*!40000 ALTER TABLE `storehouses` ENABLE KEYS */;
UNLOCK TABLES;

--
-- Table structure for table `storehouses_products`
--

DROP TABLE IF EXISTS `storehouses_products`;
/*!40101 SET @saved_cs_client     = @@character_set_client */;
/*!50503 SET character_set_client = utf8mb4 */;
CREATE TABLE `storehouses_products` (
  `id` bigint unsigned NOT NULL AUTO_INCREMENT COMMENT '╨╕╨╜╨┤╨╡╨║╤Б',
  `storehouse_id` bigint unsigned NOT NULL COMMENT '╨╕╨┤╨╡╨╜╤В╨╕╤Д╨╕╨║╨░╤В╨╛╤А ╤Б╨║╨╗╨░╨┤╨░',
  `product_id` bigint unsigned NOT NULL COMMENT '╨╕╨┤╨╡╨╜╤В╨╕╤Д╨╕╨║╨░╤В╨╛╤А ╤В╨╛╨▓╨░╤А╨░',
  `total` int unsigned NOT NULL COMMENT '╨╛╨▒╤Й╨╡╨╡ ╨║╨╛╨╗╨╕╤З╨╡╤Б╤В╨▓╨╛ ╤В╨╛╨▓╨░╤А╨░ ╨╜╨░ ╤Б╨║╨╗╨░╨┤╨╡',
  `created_at` datetime DEFAULT CURRENT_TIMESTAMP COMMENT '╨Т╤А╨╡╨╝╤П ╤Б╨╛╨╖╨┤╨░╨╜╨╕╤П ╤Б╤В╤А╨╛╨║╨╕',
  `updated_at` datetime DEFAULT CURRENT_TIMESTAMP ON UPDATE CURRENT_TIMESTAMP COMMENT '╨Т╤А╨╡╨╝╤П ╨╛╨▒╨╜╨╛╨▓╨╗╨╡╨╜╨╕╤П ╤Б╤В╤А╨╛╨║╨╕',
  PRIMARY KEY (`id`),
  KEY `storehouses_products_storehouse_id_fk` (`storehouse_id`),
  KEY `storehouses_products_product_id_fk` (`product_id`),
  CONSTRAINT `storehouses_products_product_id_fk` FOREIGN KEY (`product_id`) REFERENCES `products` (`id`),
  CONSTRAINT `storehouses_products_storehouse_id_fk` FOREIGN KEY (`storehouse_id`) REFERENCES `storehouses` (`id`)
) ENGINE=InnoDB AUTO_INCREMENT=101 DEFAULT CHARSET=utf8mb4 COLLATE=utf8mb4_unicode_ci COMMENT='╤В╨░╨▒╨╗╨╕╤Ж╨░ ╨╖╨░╨┐╨░╤Б╨╛╨▓ ╨╜╨░ ╤Б╨║╨╗╨░╨┤╨╡';
/*!40101 SET character_set_client = @saved_cs_client */;

--
-- Dumping data for table `storehouses_products`
--

LOCK TABLES `storehouses_products` WRITE;
/*!40000 ALTER TABLE `storehouses_products` DISABLE KEYS */;
INSERT INTO `storehouses_products` VALUES (1,2,11,9,'2011-12-01 22:17:00','2021-05-16 22:09:43'),(2,5,17,5,'2014-05-01 08:06:54','2021-05-16 22:09:43'),(3,3,49,10,'2013-08-11 02:45:04','2021-05-16 22:09:43'),(4,4,95,1,'2012-06-02 03:39:38','2021-05-16 22:09:43'),(5,5,25,13,'2012-08-30 14:06:32','2021-05-16 22:09:43'),(6,3,41,14,'2011-11-23 01:41:32','2021-05-16 22:09:43'),(7,5,31,8,'2014-04-06 11:58:41','2021-05-16 22:09:43'),(8,4,29,17,'2014-02-14 13:33:02','2021-05-16 22:09:43'),(9,2,54,8,'2018-07-31 00:58:19','2021-05-16 22:09:43'),(10,1,81,13,'2011-09-13 02:34:22','2021-05-16 22:09:43'),(11,5,41,4,'2017-06-15 12:54:45','2021-05-16 22:09:43'),(12,2,63,20,'2015-11-12 12:54:18','2021-05-16 22:09:43'),(13,2,90,1,'2016-08-07 04:53:55','2021-05-16 22:09:43'),(14,5,62,20,'2019-05-03 02:38:56','2021-05-16 22:09:43'),(15,1,39,15,'2020-02-14 03:15:46','2021-05-16 22:09:43'),(16,2,8,5,'2016-06-24 04:04:46','2021-05-16 22:09:43'),(17,1,22,17,'2021-05-01 22:19:00','2021-05-16 22:09:43'),(18,2,88,8,'2015-10-16 18:36:53','2021-05-16 22:09:43'),(19,1,71,8,'2013-02-08 02:55:06','2021-05-16 22:09:43'),(20,1,93,5,'2020-06-10 06:34:22','2021-05-16 22:09:43'),(21,2,51,4,'2018-08-22 08:39:11','2021-05-16 22:09:43'),(22,1,73,14,'2020-08-18 05:20:37','2021-05-16 22:09:43'),(23,2,14,2,'2017-08-31 20:57:46','2021-05-16 22:09:43'),(24,1,50,11,'2012-09-16 22:35:07','2021-05-16 22:09:43'),(25,5,7,4,'2019-10-11 13:16:27','2021-05-16 22:09:43'),(26,2,85,2,'2020-03-21 15:17:51','2021-05-16 22:09:43'),(27,5,2,15,'2016-11-26 18:46:17','2021-05-16 22:09:43'),(28,4,53,10,'2013-08-19 12:05:22','2021-05-16 22:09:43'),(29,2,61,8,'2011-12-02 15:33:54','2021-05-16 22:09:43'),(30,5,47,14,'2020-09-14 20:43:57','2021-05-16 22:09:43'),(31,2,50,9,'2018-07-25 09:49:38','2021-05-16 22:09:43'),(32,5,8,13,'2019-11-03 22:04:11','2021-05-16 22:09:43'),(33,2,89,14,'2018-03-25 02:58:19','2021-05-16 22:09:43'),(34,2,22,16,'2018-07-19 22:36:41','2021-05-16 22:09:43'),(35,5,41,15,'2016-06-20 05:57:09','2021-05-16 22:09:43'),(36,5,40,9,'2017-07-26 19:40:01','2021-05-16 22:09:43'),(37,5,76,7,'2020-12-31 05:37:01','2021-05-16 22:09:43'),(38,5,61,1,'2021-01-28 17:00:21','2021-05-16 22:09:43'),(39,3,77,18,'2019-12-26 13:34:45','2021-05-16 22:09:43'),(40,2,100,4,'2017-01-15 11:52:45','2021-05-16 22:09:43'),(41,5,68,5,'2012-08-20 07:19:23','2021-05-16 22:09:43'),(42,2,40,7,'2016-05-26 19:02:45','2021-05-16 22:09:43'),(43,5,97,5,'2014-09-03 05:35:48','2021-05-16 22:09:43'),(44,5,63,14,'2016-07-12 02:27:17','2021-05-16 22:09:43'),(45,5,23,13,'2013-04-16 14:09:12','2021-05-16 22:09:43'),(46,2,24,7,'2014-06-16 16:28:15','2021-05-16 22:09:43'),(47,1,53,17,'2019-04-16 01:15:47','2021-05-16 22:09:43'),(48,2,94,3,'2015-02-21 04:57:44','2021-05-16 22:09:43'),(49,1,7,3,'2011-11-09 06:30:15','2021-05-16 22:09:43'),(50,5,56,5,'2013-06-24 21:04:35','2021-05-16 22:09:43'),(51,1,56,17,'2020-11-21 15:44:22','2021-05-16 22:09:43'),(52,5,14,17,'2015-06-15 12:48:41','2021-05-16 22:09:43'),(53,2,2,9,'2017-06-14 16:46:19','2021-05-16 22:09:43'),(54,3,65,16,'2012-05-10 03:27:58','2021-05-16 22:09:43'),(55,4,19,17,'2013-10-22 02:36:02','2021-05-16 22:09:43'),(56,4,99,16,'2019-02-11 23:47:21','2021-05-16 22:09:43'),(57,4,39,12,'2012-02-22 03:53:28','2021-05-16 22:09:43'),(58,4,96,20,'2014-05-21 00:13:57','2021-05-16 22:09:43'),(59,5,62,7,'2015-09-07 11:21:01','2021-05-16 22:09:43'),(60,2,21,12,'2018-01-13 15:20:41','2021-05-16 22:09:43'),(61,4,19,9,'2013-01-17 12:30:21','2021-05-16 22:09:43'),(62,5,31,16,'2017-02-28 22:59:20','2021-05-16 22:09:43'),(63,5,99,14,'2017-11-21 10:59:14','2021-05-16 22:09:43'),(64,3,99,14,'2015-05-06 17:56:19','2021-05-16 22:09:43'),(65,3,1,11,'2020-07-13 22:26:22','2021-05-16 22:09:43'),(66,4,5,14,'2018-10-10 16:56:02','2021-05-16 22:09:43'),(67,5,23,13,'2020-10-07 16:21:04','2021-05-16 22:09:43'),(68,5,97,11,'2014-03-02 23:03:30','2021-05-16 22:09:43'),(69,3,17,19,'2019-11-02 18:34:54','2021-05-16 22:09:43'),(70,3,95,5,'2018-10-19 15:15:41','2021-05-16 22:09:43'),(71,2,23,19,'2019-03-01 21:53:46','2021-05-16 22:09:43'),(72,4,30,7,'2020-04-17 19:01:46','2021-05-16 22:09:43'),(73,5,79,14,'2011-08-20 14:08:29','2021-05-16 22:09:43'),(74,4,5,11,'2013-04-10 02:17:56','2021-05-16 22:09:43'),(75,3,87,16,'2019-05-05 07:56:05','2021-05-16 22:09:43'),(76,5,18,9,'2021-01-08 14:18:10','2021-05-16 22:09:43'),(77,2,30,7,'2012-01-08 21:48:27','2021-05-16 22:09:43'),(78,2,94,20,'2014-04-15 14:33:58','2021-05-16 22:09:43'),(79,5,81,12,'2021-02-28 12:01:15','2021-05-16 22:09:43'),(80,5,23,2,'2011-12-03 05:37:34','2021-05-16 22:09:43'),(81,2,70,4,'2012-11-15 14:33:25','2021-05-16 22:09:43'),(82,3,83,18,'2014-01-17 21:46:28','2021-05-16 22:09:43'),(83,3,1,20,'2011-05-20 14:54:58','2021-05-16 22:09:43'),(84,2,58,9,'2021-04-23 01:35:09','2021-05-16 22:09:43'),(85,3,84,8,'2020-12-17 23:08:19','2021-05-16 22:09:43'),(86,4,48,10,'2012-05-31 20:42:28','2021-05-16 22:09:43'),(87,1,88,16,'2015-10-21 04:41:52','2021-05-16 22:09:43'),(88,3,93,3,'2015-11-06 15:31:42','2021-05-16 22:09:43'),(89,3,2,19,'2012-06-23 07:14:03','2021-05-16 22:09:43'),(90,5,32,14,'2021-03-02 21:40:06','2021-05-16 22:09:43'),(91,1,51,10,'2011-05-22 03:42:01','2021-05-16 22:09:43'),(92,3,59,20,'2016-03-23 02:57:43','2021-05-16 22:09:43'),(93,5,42,2,'2017-09-28 04:53:39','2021-05-16 22:09:43'),(94,4,34,3,'2020-01-02 03:34:11','2021-05-16 22:09:43'),(95,3,43,20,'2018-10-04 23:30:19','2021-05-16 22:09:43'),(96,3,11,2,'2019-10-24 06:39:06','2021-05-16 22:09:43'),(97,1,27,1,'2015-06-17 05:03:21','2021-05-16 22:09:43'),(98,4,100,15,'2013-04-20 09:27:15','2021-05-16 22:09:43'),(99,4,20,4,'2018-03-24 01:06:30','2021-05-16 22:09:43'),(100,4,97,1,'2015-07-17 07:07:48','2021-05-16 22:09:43');
/*!40000 ALTER TABLE `storehouses_products` ENABLE KEYS */;
UNLOCK TABLES;

--
-- Table structure for table `users`
--

DROP TABLE IF EXISTS `users`;
/*!40101 SET @saved_cs_client     = @@character_set_client */;
/*!50503 SET character_set_client = utf8mb4 */;
CREATE TABLE `users` (
  `id` bigint unsigned NOT NULL AUTO_INCREMENT COMMENT '╨Ш╨┤╨╡╨╜╤В╨╕╤Д╨╕╨║╨░╤В╨╛╤А ╤Б╤В╤А╨╛╨║╨╕',
  `first_name` varchar(100) CHARACTER SET utf8mb4 COLLATE utf8mb4_unicode_ci NOT NULL COMMENT '╨╕╨╝╤П ╨┐╨╛╨╗╤М╨╖╨╛╨▓╨░╤В╨╡╨╗╤П',
  `last_name` varchar(100) CHARACTER SET utf8mb4 COLLATE utf8mb4_unicode_ci NOT NULL COMMENT '╤Д╨░╨╝╨╕╨╗╨╕╤П ╨┐╨╛╨╗╤М╨╖╨╛╨▓╨░╤В╨╡╨╗╤П',
  `gender` enum('m','f') CHARACTER SET utf8mb4 COLLATE utf8mb4_unicode_ci NOT NULL COMMENT '╨┐╨╛╨╗ ╨┐╨╛╨║╤Г╨┐╨░╤В╨╡╨╗╤П',
  `birthday_at` date DEFAULT NULL COMMENT '╨┤╨░╤В╨░ ╤А╨╛╨╢╨┤╨╡╨╜╨╕╤П',
  `created_at` datetime DEFAULT CURRENT_TIMESTAMP COMMENT '╨Т╤А╨╡╨╝╤П ╤Б╨╛╨╖╨┤╨░╨╜╨╕╤П ╤Б╤В╤А╨╛╨║╨╕',
  `updated_at` datetime DEFAULT CURRENT_TIMESTAMP ON UPDATE CURRENT_TIMESTAMP COMMENT '╨Т╤А╨╡╨╝╤П ╨╛╨▒╨╜╨╛╨▓╨╗╨╡╨╜╨╕╤П ╤Б╤В╤А╨╛╨║╨╕',
  PRIMARY KEY (`id`)
) ENGINE=InnoDB AUTO_INCREMENT=101 DEFAULT CHARSET=utf8mb4 COLLATE=utf8mb4_unicode_ci COMMENT='╨Я╨╛╨║╤Г╨┐╨░╤В╨╡╨╗╨╕';
/*!40101 SET character_set_client = @saved_cs_client */;

--
-- Dumping data for table `users`
--

LOCK TABLES `users` WRITE;
/*!40000 ALTER TABLE `users` DISABLE KEYS */;
INSERT INTO `users` VALUES (1,'Camryn','Cronin','f','1974-02-06','2013-03-12 18:36:18','2020-08-21 06:25:37'),(2,'Dayne','Wolff','f','2001-09-07','2013-10-07 21:17:42','2017-09-30 23:15:19'),(3,'Jensen','Lehner','m','2011-09-11','2018-01-04 12:17:43','2021-05-16 21:00:22'),(4,'Waldo','Osinski','f','1984-06-04','2015-11-12 22:30:49','2021-01-31 08:48:21'),(5,'Marcia','Macejkovic','m','2010-02-12','2011-06-29 08:03:51','2016-12-15 16:59:36'),(6,'Elena','Satterfield','m','2014-08-23','2017-01-15 05:07:32','2021-05-04 17:51:01'),(7,'Flavie','Altenwerth','f','1987-01-24','2019-02-23 19:40:11','2021-05-16 21:00:22'),(8,'Kassandra','Daugherty','f','1984-02-02','2015-09-16 00:17:48','2017-08-23 22:43:45'),(9,'Fidel','Ernser','m','2000-02-23','2012-08-22 16:03:52','2015-11-19 02:21:35'),(10,'Eloy','Heaney','m','2017-12-20','2018-07-15 14:08:18','2021-05-16 21:00:22'),(11,'Ibrahim','Steuber','f','1981-01-07','2016-03-03 15:43:10','2021-01-28 02:13:30'),(12,'Jessica','Roberts','m','2011-08-08','2014-07-15 16:30:24','2020-06-05 21:27:00'),(13,'Ephraim','Beatty','f','1976-06-24','2019-10-20 22:46:00','2021-05-16 21:00:22'),(14,'Mariane','Mertz','m','2016-03-15','2019-12-10 13:34:35','2021-05-16 21:00:22'),(15,'Geovanni','Gleason','f','1985-08-22','2020-11-12 08:28:54','2021-05-16 21:00:22'),(16,'Sincere','Dicki','m','1980-01-15','2012-05-19 07:21:39','2018-12-01 04:54:50'),(17,'Darryl','Rau','m','1989-01-23','2020-03-26 16:56:54','2021-05-16 21:00:22'),(18,'Luella','Bartell','m','1978-06-02','2015-04-15 08:17:19','2021-05-16 21:00:22'),(19,'Jacynthe','Gleichner','m','1990-03-16','2014-03-28 11:37:45','2021-05-16 21:00:22'),(20,'Alison','Ullrich','m','1975-05-18','2017-11-08 18:58:16','2021-05-16 21:00:22'),(21,'Moshe','Bogan','f','1972-10-20','2017-12-04 04:01:35','2021-05-16 21:00:22'),(22,'Reynold','Skiles','m','1970-06-17','2014-03-08 02:06:01','2019-08-16 16:50:59'),(23,'Terry','Strosin','m','1978-09-21','2019-12-21 10:54:05','2021-05-16 21:00:22'),(24,'Tamia','Sipes','f','1998-05-12','2011-07-06 02:31:40','2019-09-01 16:40:43'),(25,'Sylvia','Kozey','f','2003-12-28','2015-06-21 07:20:18','2017-11-30 17:17:45'),(26,'Ulises','Wiegand','f','1989-11-06','2011-09-28 06:48:43','2011-10-23 05:25:57'),(27,'Reagan','Wehner','f','1977-03-12','2020-07-26 20:01:01','2021-05-16 21:00:22'),(28,'Coby','Effertz','f','2015-03-04','2014-12-28 22:45:58','2021-05-16 21:00:22'),(29,'Nora','Stark','m','1970-06-25','2013-11-22 01:34:05','2020-10-01 00:28:51'),(30,'Julie','Lubowitz','m','2007-10-12','2012-06-14 19:28:35','2018-04-12 22:21:55'),(31,'Jodie','Grimes','m','2007-06-07','2011-12-18 20:36:59','2016-12-08 22:34:35'),(32,'Leta','Considine','m','2011-05-27','2013-04-11 19:17:55','2019-04-22 14:29:04'),(33,'Lilian','Hane','f','1978-05-26','2017-06-24 06:25:27','2019-09-24 09:30:31'),(34,'Eugene','Moen','m','2014-09-27','2017-06-10 17:33:56','2021-05-16 21:00:22'),(35,'Ofelia','McKenzie','m','2010-09-21','2013-05-29 14:51:49','2021-05-16 21:00:22'),(36,'Lane','Ankunding','f','2007-06-14','2012-02-29 13:12:06','2018-04-21 22:17:11'),(37,'Lisa','Bailey','m','2021-01-20','2014-08-19 09:27:41','2020-03-24 13:33:47'),(38,'Lorena','Turcotte','m','1995-02-17','2016-04-27 15:04:12','2021-05-16 21:00:22'),(39,'Maribel','Grant','f','1979-07-24','2020-06-22 19:45:23','2021-05-16 21:00:22'),(40,'Bette','Kozey','f','2013-03-09','2017-04-07 22:57:14','2021-05-16 21:00:22'),(41,'Maureen','Douglas','m','1983-02-07','2020-10-29 18:30:19','2021-05-16 21:00:22'),(42,'Marjorie','Deckow','f','2002-11-30','2018-06-24 02:44:56','2021-05-16 21:00:22'),(43,'Jordyn','Bogan','f','1989-10-11','2018-04-16 20:04:25','2018-11-04 23:42:21'),(44,'Vincenza','Torphy','f','2011-08-07','2015-05-05 02:39:29','2019-03-03 08:22:48'),(45,'Austyn','Wilkinson','m','1970-07-24','2011-12-13 19:30:00','2012-05-27 11:25:27'),(46,'Blaise','Heathcote','m','1986-10-05','2018-08-21 21:39:50','2021-05-16 21:00:22'),(47,'Jacquelyn','Heidenreich','m','2009-02-08','2012-07-28 17:35:44','2017-11-14 18:04:06'),(48,'Edwin','Botsford','f','1970-07-24','2013-01-03 17:55:52','2019-12-01 00:31:03'),(49,'Elody','Trantow','f','1973-11-22','2014-01-11 18:02:32','2020-06-17 17:35:14'),(50,'Ethan','Feil','m','1980-09-30','2011-08-04 12:02:55','2018-08-12 06:29:23'),(51,'Dameon','Rosenbaum','f','2013-12-12','2012-01-31 10:45:14','2020-04-01 18:07:30'),(52,'Sheridan','Moore','m','2010-08-19','2013-04-06 21:04:44','2017-12-02 10:22:05'),(53,'Kristoffer','Reynolds','f','1988-01-08','2020-02-25 06:00:35','2021-05-16 21:00:22'),(54,'Alden','Huels','m','1988-02-13','2020-02-06 18:55:04','2021-05-16 21:00:22'),(55,'Ivy','Wolff','f','1994-02-01','2018-11-07 10:24:41','2021-05-16 21:00:22'),(56,'Mayra','Hessel','f','1971-07-14','2011-05-30 06:21:14','2013-03-12 14:41:35'),(57,'Cloyd','Wyman','f','1985-12-10','2019-06-23 22:58:26','2021-05-16 21:00:22'),(58,'Nathanial','O\'Reilly','f','2000-09-13','2011-06-05 08:45:37','2020-10-27 01:42:16'),(59,'Brayan','Walsh','m','1980-12-10','2014-04-12 17:10:47','2021-05-16 21:00:22'),(60,'Bethel','Leffler','f','2020-09-08','2011-12-27 21:06:52','2019-07-03 17:20:25'),(61,'Estel','Dooley','m','2002-08-31','2020-08-19 16:35:19','2021-05-16 21:00:22'),(62,'Jadyn','Gislason','f','1984-11-30','2014-02-15 21:28:40','2016-09-28 07:28:07'),(63,'Ellen','Grady','m','2016-07-09','2016-02-25 13:00:42','2021-05-16 21:00:22'),(64,'Delphine','Wyman','f','1979-09-15','2017-02-20 03:05:43','2018-11-03 07:40:27'),(65,'Antonina','Greenfelder','m','2007-09-23','2012-04-04 19:51:09','2016-07-13 03:40:23'),(66,'Belle','Von','m','1988-04-29','2015-02-25 15:10:51','2018-01-08 19:50:43'),(67,'Devon','Kris','f','2008-11-22','2016-08-29 03:39:25','2017-08-01 00:56:46'),(68,'Briana','Goldner','f','1986-11-25','2012-06-18 00:37:42','2018-02-01 14:07:57'),(69,'Quinton','Cassin','f','1983-06-10','2018-07-30 00:29:15','2021-05-16 21:00:22'),(70,'Fernando','Thompson','f','2019-01-25','2019-02-05 06:06:25','2021-05-01 01:12:55'),(71,'Shyann','Johnson','m','1992-07-09','2015-05-26 11:59:20','2021-05-16 21:00:22'),(72,'Christophe','O\'Conner','f','2011-05-05','2018-02-12 06:32:39','2021-05-16 21:00:22'),(73,'Sanford','Carroll','f','1997-03-31','2011-10-22 11:41:26','2018-05-02 15:26:38'),(74,'Garry','Abbott','m','1975-08-27','2014-08-06 12:40:51','2018-01-28 11:43:12'),(75,'Valentina','Goldner','f','1995-12-21','2013-07-12 21:46:25','2021-05-16 21:00:22'),(76,'Armani','Gutkowski','f','2014-08-08','2015-01-07 05:34:38','2020-10-05 20:31:09'),(77,'Rowland','Hintz','f','2019-11-10','2016-04-24 11:38:11','2021-05-16 21:00:22'),(78,'Alex','Kautzer','m','1978-09-06','2018-02-14 13:04:20','2021-05-16 21:00:22'),(79,'Jalyn','Romaguera','f','2006-01-21','2015-07-17 12:53:22','2021-05-16 21:00:22'),(80,'Quincy','DuBuque','f','1987-12-12','2019-04-16 16:05:16','2019-07-15 05:45:46'),(81,'Adam','Emmerich','f','1984-10-21','2021-01-26 00:02:42','2021-05-16 21:00:22'),(82,'Dora','Kassulke','m','1992-01-10','2014-01-30 03:16:14','2019-12-01 18:10:30'),(83,'Jammie','Lockman','m','1988-10-18','2014-12-06 02:28:41','2019-03-30 17:30:18'),(84,'Vivien','Gislason','m','2002-01-17','2018-02-25 18:24:15','2021-05-16 21:00:22'),(85,'Aurelia','Rodriguez','m','2008-10-12','2020-05-24 21:21:49','2021-05-16 21:00:22'),(86,'Elva','Lebsack','f','1994-06-01','2019-10-29 20:50:39','2021-05-16 21:00:22'),(87,'Sydney','Purdy','f','2001-05-10','2014-03-10 18:00:55','2017-09-11 13:43:34'),(88,'Bettye','Haley','f','2010-03-07','2015-06-30 11:20:12','2015-09-02 06:49:12'),(89,'Garland','Wiza','m','1977-06-11','2018-07-25 23:43:50','2021-04-28 19:10:25'),(90,'Etha','Bogan','f','1971-04-25','2019-03-25 03:51:05','2021-05-16 21:00:22'),(91,'Joshuah','Weimann','f','1981-07-04','2013-09-20 19:06:18','2020-12-11 21:01:25'),(92,'Nicolas','Spinka','f','1970-09-11','2014-10-05 18:51:21','2021-05-16 21:00:22'),(93,'Tracy','Hansen','m','2014-05-09','2019-08-07 11:16:32','2021-05-16 21:00:22'),(94,'Anjali','Bogisich','f','2012-12-17','2016-05-20 12:37:09','2021-05-16 21:00:22'),(95,'Assunta','Stehr','m','1981-09-09','2014-04-01 09:16:20','2017-04-28 01:50:46'),(96,'Marlin','Gleichner','f','1971-10-15','2013-07-28 20:21:35','2017-07-14 16:10:44'),(97,'Leonard','O\'Reilly','f','1998-07-07','2019-10-19 06:50:13','2021-05-16 21:00:22'),(98,'Fredy','Spinka','m','1995-03-26','2018-01-01 12:11:34','2021-05-16 21:00:22'),(99,'Diana','Barton','f','2009-12-26','2015-06-26 02:31:53','2021-05-16 21:00:22'),(100,'Marina','Bahringer','f','1995-08-15','2014-05-18 03:50:29','2020-08-24 09:45:58');
/*!40000 ALTER TABLE `users` ENABLE KEYS */;
UNLOCK TABLES;

--
-- Dumping routines for database 'internet_shop'
--
/*!40103 SET TIME_ZONE=@OLD_TIME_ZONE */;

/*!40101 SET SQL_MODE=@OLD_SQL_MODE */;
/*!40014 SET FOREIGN_KEY_CHECKS=@OLD_FOREIGN_KEY_CHECKS */;
/*!40014 SET UNIQUE_CHECKS=@OLD_UNIQUE_CHECKS */;
/*!40101 SET CHARACTER_SET_CLIENT=@OLD_CHARACTER_SET_CLIENT */;
/*!40101 SET CHARACTER_SET_RESULTS=@OLD_CHARACTER_SET_RESULTS */;
/*!40101 SET COLLATION_CONNECTION=@OLD_COLLATION_CONNECTION */;
/*!40111 SET SQL_NOTES=@OLD_SQL_NOTES */;

-- Dump completed on 2021-05-18 16:12:05
